{
  "hosts": [
    {
      "ip": "10.11.0.11",
      "ports": [
        {
          "port": "22",
          "protocol": "tcp",
          "service": "ssh",
          "version": "10.0p2 Debian 7",
          "vulns": []
        },
        {
          "port": "111",
          "protocol": "tcp",
          "service": "rpcbind",
          "version": "2-4",
          "vulns": []
        }
      ]
    },
    {
      "ip": "10.11.0.12",
      "ports": [
        {
          "port": "22",
          "protocol": "tcp",
          "service": "ssh",
          "version": "10.0p2 Debian 7",
          "vulns": []
        },
        {
          "port": "111",
          "protocol": "tcp",
          "service": "rpcbind",
          "version": "2-4",
          "vulns": []
        }
      ]
    },
    {
      "ip": "10.11.0.14",
      "ports": [
        {
          "port": "22",
          "protocol": "tcp",
          "service": "ssh",
          "version": "9.2p1 Debian 2+deb12u5",
          "vulns": []
        },
        {
          "port": "111",
          "protocol": "tcp",
          "service": "rpcbind",
          "version": "2-4",
          "vulns": []
        }
      ]
    },
    {
      "ip": "10.11.0.15",
      "ports": [
        {
          "port": "22",
          "protocol": "tcp",
          "service": "ssh",
          "version": "9.2p1 Debian 2+deb12u7",
          "vulns": []
        },
        {
          "port": "443",
          "protocol": "tcp",
          "service": "http",
          "version": "2.4.65",
          "vulns": [
            {
              "cve": "CVE-2025-54090",
              "cvss": 6.3,
              "severity": "MEDIUM",
              "description": "A bug in Apache HTTP Server 2.4.64 results in all \"RewriteCond expr ...\" tests evaluating as \"true\".\n\n\n\nUsers are recommended to upgrade to version 2.4.65, which fixes the issue.",
              "published": "2025-07-23T14:15:34.177",
              "updated": "2025-11-04T22:16:27.417"
            }
          ]
        }
      ]
    },
    {
      "ip": "10.11.0.16",
      "ports": [
        {
          "port": "22",
          "protocol": "tcp",
          "service": "ssh",
          "version": "9.2p1 Debian 2+deb12u7",
          "vulns": []
        },
        {
          "port": "80",
          "protocol": "tcp",
          "service": "http",
          "version": "2.4.65",
          "vulns": [
            {
              "cve": "CVE-2025-54090",
              "cvss": 6.3,
              "severity": "MEDIUM",
              "description": "A bug in Apache HTTP Server 2.4.64 results in all \"RewriteCond expr ...\" tests evaluating as \"true\".\n\n\n\nUsers are recommended to upgrade to version 2.4.65, which fixes the issue.",
              "published": "2025-07-23T14:15:34.177",
              "updated": "2025-11-04T22:16:27.417"
            }
          ]
        },
        {
          "port": "443",
          "protocol": "tcp",
          "service": "http",
          "version": "2.4.65",
          "vulns": [
            {
              "cve": "CVE-2025-54090",
              "cvss": 6.3,
              "severity": "MEDIUM",
              "description": "A bug in Apache HTTP Server 2.4.64 results in all \"RewriteCond expr ...\" tests evaluating as \"true\".\n\n\n\nUsers are recommended to upgrade to version 2.4.65, which fixes the issue.",
              "published": "2025-07-23T14:15:34.177",
              "updated": "2025-11-04T22:16:27.417"
            }
          ]
        },
        {
          "port": "3306",
          "protocol": "tcp",
          "service": "mysql",
          "version": "5.5.5-10.11.14",
          "vulns": []
        }
      ]
    },
    {
      "ip": "10.11.0.17",
      "ports": [
        {
          "port": "22",
          "protocol": "tcp",
          "service": "ssh",
          "version": "9.2p1 Debian 2+deb12u3",
          "vulns": []
        }
      ]
    },
    {
      "ip": "10.11.0.18",
      "ports": []
    }
  ]
}