{
  "hosts": [
    {
      "ip": "10.11.0.11",
      "ports": [
        {
          "port": "22",
          "protocol": "tcp",
          "service": "ssh",
          "version": "10.0p2 Debian 7"
        },
        {
          "port": "111",
          "protocol": "tcp",
          "service": "rpcbind",
          "version": "2-4"
        }
      ]
    },
    {
      "ip": "10.11.0.12",
      "ports": [
        {
          "port": "22",
          "protocol": "tcp",
          "service": "ssh",
          "version": "10.0p2 Debian 7"
        },
        {
          "port": "111",
          "protocol": "tcp",
          "service": "rpcbind",
          "version": "2-4"
        }
      ]
    },
    {
      "ip": "10.11.0.14",
      "ports": [
        {
          "port": "22",
          "protocol": "tcp",
          "service": "ssh",
          "version": "9.2p1 Debian 2+deb12u5"
        },
        {
          "port": "111",
          "protocol": "tcp",
          "service": "rpcbind",
          "version": "2-4"
        }
      ]
    },
    {
      "ip": "10.11.0.15",
      "ports": [
        {
          "port": "22",
          "protocol": "tcp",
          "service": "ssh",
          "version": "9.2p1 Debian 2+deb12u7"
        },
        {
          "port": "443",
          "protocol": "tcp",
          "service": "http",
          "version": "2.4.65"
        }
      ]
    },
    {
      "ip": "10.11.0.16",
      "ports": [
        {
          "port": "22",
          "protocol": "tcp",
          "service": "ssh",
          "version": "9.2p1 Debian 2+deb12u7"
        },
        {
          "port": "80",
          "protocol": "tcp",
          "service": "http",
          "version": "2.4.65"
        },
        {
          "port": "443",
          "protocol": "tcp",
          "service": "http",
          "version": "2.4.65"
        },
        {
          "port": "3306",
          "protocol": "tcp",
          "service": "mysql",
          "version": "5.5.5-10.11.14"
        }
      ]
    },
    {
      "ip": "10.11.0.17",
      "ports": [
        {
          "port": "22",
          "protocol": "tcp",
          "service": "ssh",
          "version": "9.2p1 Debian 2+deb12u3"
        }
      ]
    },
    {
      "ip": "10.11.0.18",
      "ports": []
    }
  ]
}