<?xml version='1.0' encoding='utf-8'?>
<nmaprun scanner="nmap" args="nmap --top-ports 50 -sS -sV -oX /opt/pi-scanner/results/20251202T120315Z/scan.xml 10.11.0.100-120" start="1764676995" startstr="Tue Dec  2 13:03:15 2025" version="7.95" xmloutputversion="1.05">
<scaninfo type="syn" protocol="tcp" numservices="50" services="21-23,25-26,53,80-81,110-111,113,135,139,143,179,199,443,445,465,514-515,548,554,587,646,993,995,1025-1027,1433,1720,1723,2000-2001,3306,3389,5060,5666,5900,6001,8000,8008,8080,8443,8888,10000,32768,49152,49154" />
<verbose level="0" />
<debugging level="0" />
<hosthint><status state="up" reason="arp-response" reason_ttl="0" />
<address addr="10.11.0.102" addrtype="ipv4" />
<address addr="DC:97:BA:5D:1A:42" addrtype="mac" vendor="Intel Corporate" />
<hostnames>
</hostnames>
</hosthint>
<hosthint><status state="up" reason="arp-response" reason_ttl="0" />
<address addr="10.11.0.101" addrtype="ipv4" />
<address addr="8C:E9:EE:4C:04:F5" addrtype="mac" vendor="Intel Corporate" />
<hostnames>
</hostnames>
</hosthint>
<hosthint><status state="up" reason="arp-response" reason_ttl="0" />
<address addr="10.11.0.103" addrtype="ipv4" />
<address addr="6C:2F:80:02:91:67" addrtype="mac" vendor="Intel Corporate" />
<hostnames>
</hostnames>
</hosthint>
<hosthint><status state="up" reason="arp-response" reason_ttl="0" />
<address addr="10.11.0.104" addrtype="ipv4" />
<address addr="D2:5C:4F:6A:E0:F0" addrtype="mac" />
<hostnames>
</hostnames>
</hosthint>
<hosthint><status state="up" reason="arp-response" reason_ttl="0" />
<address addr="10.11.0.106" addrtype="ipv4" />
<address addr="2C:7B:A0:A3:53:77" addrtype="mac" vendor="Intel Corporate" />
<hostnames>
</hostnames>
</hosthint>
<hosthint><status state="up" reason="arp-response" reason_ttl="0" />
<address addr="10.11.0.107" addrtype="ipv4" />
<address addr="8C:E9:EE:49:AC:37" addrtype="mac" vendor="Intel Corporate" />
<hostnames>
</hostnames>
</hosthint>
<hosthint><status state="up" reason="arp-response" reason_ttl="0" />
<address addr="10.11.0.108" addrtype="ipv4" />
<address addr="8C:E9:EE:4B:1D:B0" addrtype="mac" vendor="Intel Corporate" />
<hostnames>
</hostnames>
</hosthint>
<hosthint><status state="up" reason="arp-response" reason_ttl="0" />
<address addr="10.11.0.109" addrtype="ipv4" />
<address addr="98:22:EF:89:21:47" addrtype="mac" vendor="Liteon Technology" />
<hostnames>
</hostnames>
</hosthint>
<hosthint><status state="up" reason="arp-response" reason_ttl="0" />
<address addr="10.11.0.110" addrtype="ipv4" />
<address addr="E0:C2:64:90:57:90" addrtype="mac" vendor="Intel Corporate" />
<hostnames>
</hostnames>
</hosthint>
<hosthint><status state="up" reason="arp-response" reason_ttl="0" />
<address addr="10.11.0.114" addrtype="ipv4" />
<address addr="98:5F:41:17:AB:C4" addrtype="mac" vendor="Intel Corporate" />
<hostnames>
</hostnames>
</hosthint>
<hosthint><status state="up" reason="arp-response" reason_ttl="0" />
<address addr="10.11.0.113" addrtype="ipv4" />
<address addr="C8:CB:9E:E8:FE:F9" addrtype="mac" vendor="Intel Corporate" />
<hostnames>
</hostnames>
</hosthint>
<hosthint><status state="up" reason="arp-response" reason_ttl="0" />
<address addr="10.11.0.115" addrtype="ipv4" />
<address addr="D0:39:57:11:84:A1" addrtype="mac" vendor="Liteon Technology" />
<hostnames>
</hostnames>
</hosthint>
<hosthint><status state="up" reason="arp-response" reason_ttl="0" />
<address addr="10.11.0.116" addrtype="ipv4" />
<address addr="8C:E9:EE:48:B8:F9" addrtype="mac" vendor="Intel Corporate" />
<hostnames>
</hostnames>
</hosthint>
<hosthint><status state="up" reason="arp-response" reason_ttl="0" />
<address addr="10.11.0.117" addrtype="ipv4" />
<address addr="1C:CE:51:95:3D:C4" addrtype="mac" vendor="AzureWave Technology" />
<hostnames>
</hostnames>
</hosthint>
<hosthint><status state="up" reason="arp-response" reason_ttl="0" />
<address addr="10.11.0.118" addrtype="ipv4" />
<address addr="74:97:79:97:99:57" addrtype="mac" vendor="Cloud Network Technology Singapore PTE." />
<hostnames>
</hostnames>
</hosthint>
<hosthint><status state="up" reason="arp-response" reason_ttl="0" />
<address addr="10.11.0.119" addrtype="ipv4" />
<address addr="D0:65:78:FF:3E:E4" addrtype="mac" vendor="Intel Corporate" />
<hostnames>
</hostnames>
</hosthint>
<hosthint><status state="up" reason="arp-response" reason_ttl="0" />
<address addr="10.11.0.120" addrtype="ipv4" />
<address addr="38:8D:3D:90:DB:38" addrtype="mac" />
<hostnames>
</hostnames>
</hosthint>
<hosthint><status state="up" reason="arp-response" reason_ttl="0" />
<address addr="10.11.0.112" addrtype="ipv4" />
<address addr="C0:35:32:A1:69:39" addrtype="mac" vendor="Liteon Technology" />
<hostnames>
</hostnames>
</hosthint>
<hosthint><status state="up" reason="arp-response" reason_ttl="0" />
<address addr="10.11.0.100" addrtype="ipv4" />
<address addr="C4:3D:1A:E4:21:18" addrtype="mac" vendor="Intel Corporate" />
<hostnames>
</hostnames>
</hosthint>
<hosthint><status state="up" reason="arp-response" reason_ttl="0" />
<address addr="10.11.0.111" addrtype="ipv4" />
<address addr="44:38:E8:D9:B6:A6" addrtype="mac" />
<hostnames>
</hostnames>
</hosthint>
<host starttime="1764676997" endtime="1764677053"><status state="up" reason="arp-response" reason_ttl="0" />
<address addr="10.11.0.100" addrtype="ipv4" />
<address addr="C4:3D:1A:E4:21:18" addrtype="mac" vendor="Intel Corporate" />
<hostnames>
</hostnames>
<ports><extraports state="filtered" count="47">
<extrareasons reason="no-response" count="47" proto="tcp" ports="21-23,25-26,53,80-81,110-111,113,143,179,199,443,465,514-515,548,554,587,646,993,995,1025-1027,1433,1720,1723,2000-2001,3306,3389,5060,5666,5900,6001,8000,8008,8080,8443,8888,10000,32768,49152,49154" />
</extraports>
<port protocol="tcp" portid="135"><state state="open" reason="syn-ack" reason_ttl="128" /><service name="msrpc" product="Microsoft Windows RPC" ostype="Windows" method="probed" conf="10"><cpe>cpe:/o:microsoft:windows</cpe></service></port>
<port protocol="tcp" portid="139"><state state="open" reason="syn-ack" reason_ttl="128" /><service name="netbios-ssn" product="Microsoft Windows netbios-ssn" ostype="Windows" method="probed" conf="10"><cpe>cpe:/o:microsoft:windows</cpe></service></port>
<port protocol="tcp" portid="445"><state state="open" reason="syn-ack" reason_ttl="128" /><service name="microsoft-ds" method="table" conf="3" /></port>
</ports>
<times srtt="15810" rttvar="26830" to="123130" />
</host>
<host starttime="1764676997" endtime="1764677053"><status state="up" reason="arp-response" reason_ttl="0" />
<address addr="10.11.0.101" addrtype="ipv4" />
<address addr="8C:E9:EE:4C:04:F5" addrtype="mac" vendor="Intel Corporate" />
<hostnames>
</hostnames>
<ports><extraports state="closed" count="47">
<extrareasons reason="reset" count="47" proto="tcp" ports="21-23,25-26,53,80-81,110-111,113,143,179,199,443,465,514-515,548,554,587,646,993,995,1025-1027,1433,1720,1723,2000-2001,3306,3389,5060,5666,5900,6001,8000,8008,8080,8443,8888,10000,32768,49152,49154" />
</extraports>
<port protocol="tcp" portid="135"><state state="open" reason="syn-ack" reason_ttl="128" /><service name="msrpc" product="Microsoft Windows RPC" ostype="Windows" method="probed" conf="10"><cpe>cpe:/o:microsoft:windows</cpe></service></port>
<port protocol="tcp" portid="139"><state state="open" reason="syn-ack" reason_ttl="128" /><service name="netbios-ssn" product="Microsoft Windows netbios-ssn" ostype="Windows" method="probed" conf="10"><cpe>cpe:/o:microsoft:windows</cpe></service></port>
<port protocol="tcp" portid="445"><state state="open" reason="syn-ack" reason_ttl="128" /><service name="microsoft-ds" method="table" conf="3" /></port>
</ports>
<times srtt="3426" rttvar="382" to="100000" />
</host>
<host starttime="1764676997" endtime="1764677053"><status state="up" reason="arp-response" reason_ttl="0" />
<address addr="10.11.0.102" addrtype="ipv4" />
<address addr="DC:97:BA:5D:1A:42" addrtype="mac" vendor="Intel Corporate" />
<hostnames>
</hostnames>
<ports><extraports state="closed" count="46">
<extrareasons reason="reset" count="46" proto="tcp" ports="21-23,25-26,53,80-81,110-111,113,143,179,199,443,465,514-515,548,554,587,646,993,995,1025-1027,1433,1720,1723,2000-2001,3389,5060,5666,5900,6001,8000,8008,8080,8443,8888,10000,32768,49152,49154" />
</extraports>
<port protocol="tcp" portid="135"><state state="open" reason="syn-ack" reason_ttl="128" /><service name="msrpc" product="Microsoft Windows RPC" ostype="Windows" method="probed" conf="10"><cpe>cpe:/o:microsoft:windows</cpe></service></port>
<port protocol="tcp" portid="139"><state state="open" reason="syn-ack" reason_ttl="128" /><service name="netbios-ssn" product="Microsoft Windows netbios-ssn" ostype="Windows" method="probed" conf="10"><cpe>cpe:/o:microsoft:windows</cpe></service></port>
<port protocol="tcp" portid="445"><state state="open" reason="syn-ack" reason_ttl="128" /><service name="microsoft-ds" method="table" conf="3" /></port>
<port protocol="tcp" portid="3306"><state state="open" reason="syn-ack" reason_ttl="128" /><service name="mysql" product="MySQL" extrainfo="unauthorized" method="probed" conf="10"><cpe>cpe:/a:mysql:mysql</cpe></service></port>
</ports>
<times srtt="6603" rttvar="3512" to="100000" />
</host>
<host starttime="1764676997" endtime="1764677054"><status state="up" reason="arp-response" reason_ttl="0" />
<address addr="10.11.0.103" addrtype="ipv4" />
<address addr="6C:2F:80:02:91:67" addrtype="mac" vendor="Intel Corporate" />
<hostnames>
</hostnames>
<ports><extraports state="filtered" count="46">
<extrareasons reason="no-response" count="46" proto="tcp" ports="21-23,25-26,53,81,110-111,113,143,179,199,443,465,514-515,548,554,587,646,993,995,1025-1027,1433,1720,1723,2000-2001,3306,3389,5060,5666,5900,6001,8000,8008,8080,8443,8888,10000,32768,49152,49154" />
</extraports>
<port protocol="tcp" portid="80"><state state="open" reason="syn-ack" reason_ttl="128" /><service name="http" product="Microsoft IIS httpd" version="10.0" ostype="Windows" method="probed" conf="10"><cpe>cpe:/a:microsoft:internet_information_services:10.0</cpe><cpe>cpe:/o:microsoft:windows</cpe></service></port>
<port protocol="tcp" portid="135"><state state="open" reason="syn-ack" reason_ttl="128" /><service name="msrpc" product="Microsoft Windows RPC" ostype="Windows" method="probed" conf="10"><cpe>cpe:/o:microsoft:windows</cpe></service></port>
<port protocol="tcp" portid="139"><state state="open" reason="syn-ack" reason_ttl="128" /><service name="netbios-ssn" product="Microsoft Windows netbios-ssn" ostype="Windows" method="probed" conf="10"><cpe>cpe:/o:microsoft:windows</cpe></service></port>
<port protocol="tcp" portid="445"><state state="open" reason="syn-ack" reason_ttl="128" /><service name="microsoft-ds" method="table" conf="3" /></port>
</ports>
<times srtt="12764" rttvar="20698" to="100000" />
</host>
<host starttime="1764676997" endtime="1764677000"><status state="up" reason="arp-response" reason_ttl="0" />
<address addr="10.11.0.104" addrtype="ipv4" />
<address addr="D2:5C:4F:6A:E0:F0" addrtype="mac" />
<hostnames>
</hostnames>
<ports><extraports state="filtered" count="50">
<extrareasons reason="no-response" count="50" proto="tcp" ports="21-23,25-26,53,80-81,110-111,113,135,139,143,179,199,443,445,465,514-515,548,554,587,646,993,995,1025-1027,1433,1720,1723,2000-2001,3306,3389,5060,5666,5900,6001,8000,8008,8080,8443,8888,10000,32768,49152,49154" />
</extraports>
</ports>
<times srtt="403" rttvar="5000" to="100000" />
</host>
<host starttime="1764676997" endtime="1764677000"><status state="up" reason="arp-response" reason_ttl="0" />
<address addr="10.11.0.106" addrtype="ipv4" />
<address addr="2C:7B:A0:A3:53:77" addrtype="mac" vendor="Intel Corporate" />
<hostnames>
</hostnames>
<ports><extraports state="filtered" count="50">
<extrareasons reason="no-response" count="50" proto="tcp" ports="21-23,25-26,53,80-81,110-111,113,135,139,143,179,199,443,445,465,514-515,548,554,587,646,993,995,1025-1027,1433,1720,1723,2000-2001,3306,3389,5060,5666,5900,6001,8000,8008,8080,8443,8888,10000,32768,49152,49154" />
</extraports>
</ports>
<times srtt="429" rttvar="5000" to="100000" />
</host>
<host starttime="1764676997" endtime="1764677054"><status state="up" reason="arp-response" reason_ttl="0" />
<address addr="10.11.0.107" addrtype="ipv4" />
<address addr="8C:E9:EE:49:AC:37" addrtype="mac" vendor="Intel Corporate" />
<hostnames>
</hostnames>
<ports><extraports state="filtered" count="48">
<extrareasons reason="no-response" count="48" proto="tcp" ports="21-23,25-26,53,80-81,110-111,113,139,143,179,199,445,465,514-515,548,554,587,646,993,995,1025-1027,1433,1720,1723,2000-2001,3306,3389,5060,5666,5900,6001,8000,8008,8080,8443,8888,10000,32768,49152,49154" />
</extraports>
<port protocol="tcp" portid="135"><state state="open" reason="syn-ack" reason_ttl="128" /><service name="msrpc" product="Microsoft Windows RPC" ostype="Windows" method="probed" conf="10"><cpe>cpe:/o:microsoft:windows</cpe></service></port>
<port protocol="tcp" portid="443"><state state="open" reason="syn-ack" reason_ttl="128" /><service name="http" product="Apache httpd" version="2.4.65" extrainfo="(Debian)" tunnel="ssl" method="probed" conf="10"><cpe>cpe:/a:apache:http_server:2.4.65</cpe></service></port>
</ports>
<times srtt="12919" rttvar="20890" to="100000" />
</host>
<host starttime="1764676997" endtime="1764677054"><status state="up" reason="arp-response" reason_ttl="0" />
<address addr="10.11.0.108" addrtype="ipv4" />
<address addr="8C:E9:EE:4B:1D:B0" addrtype="mac" vendor="Intel Corporate" />
<hostnames>
</hostnames>
<ports><extraports state="closed" count="45">
<extrareasons reason="reset" count="45" proto="tcp" ports="21-23,25-26,53,81,110-111,113,143,179,199,443,465,514-515,548,554,587,646,993,995,1025-1027,1433,1720,1723,2000-2001,3389,5060,5666,5900,6001,8000,8008,8080,8443,8888,10000,32768,49152,49154" />
</extraports>
<port protocol="tcp" portid="80"><state state="open" reason="syn-ack" reason_ttl="128" /><service name="http" product="Microsoft IIS httpd" version="10.0" ostype="Windows" method="probed" conf="10"><cpe>cpe:/a:microsoft:internet_information_services:10.0</cpe><cpe>cpe:/o:microsoft:windows</cpe></service></port>
<port protocol="tcp" portid="135"><state state="open" reason="syn-ack" reason_ttl="128" /><service name="msrpc" product="Microsoft Windows RPC" ostype="Windows" method="probed" conf="10"><cpe>cpe:/o:microsoft:windows</cpe></service></port>
<port protocol="tcp" portid="139"><state state="open" reason="syn-ack" reason_ttl="128" /><service name="netbios-ssn" product="Microsoft Windows netbios-ssn" ostype="Windows" method="probed" conf="10"><cpe>cpe:/o:microsoft:windows</cpe></service></port>
<port protocol="tcp" portid="445"><state state="open" reason="syn-ack" reason_ttl="128" /><service name="microsoft-ds" method="table" conf="3" /></port>
<port protocol="tcp" portid="3306"><state state="open" reason="syn-ack" reason_ttl="128" /><service name="mysql" product="MySQL" extrainfo="unauthorized" method="probed" conf="10"><cpe>cpe:/a:mysql:mysql</cpe></service></port>
</ports>
<times srtt="7377" rttvar="1697" to="100000" />
</host>
<host starttime="1764676997" endtime="1764677000"><status state="up" reason="arp-response" reason_ttl="0" />
<address addr="10.11.0.109" addrtype="ipv4" />
<address addr="98:22:EF:89:21:47" addrtype="mac" vendor="Liteon Technology" />
<hostnames>
</hostnames>
<ports><extraports state="filtered" count="50">
<extrareasons reason="no-response" count="50" proto="tcp" ports="21-23,25-26,53,80-81,110-111,113,135,139,143,179,199,443,445,465,514-515,548,554,587,646,993,995,1025-1027,1433,1720,1723,2000-2001,3306,3389,5060,5666,5900,6001,8000,8008,8080,8443,8888,10000,32768,49152,49154" />
</extraports>
</ports>
<times srtt="515" rttvar="5000" to="100000" />
</host>
<host starttime="1764676997" endtime="1764677054"><status state="up" reason="arp-response" reason_ttl="0" />
<address addr="10.11.0.110" addrtype="ipv4" />
<address addr="E0:C2:64:90:57:90" addrtype="mac" vendor="Intel Corporate" />
<hostnames>
</hostnames>
<ports><extraports state="filtered" count="45">
<extrareasons reason="no-response" count="45" proto="tcp" ports="21-23,25-26,53,81,110-111,113,143,179,199,465,514-515,548,554,587,646,993,995,1025-1027,1433,1720,1723,2000-2001,3306,3389,5060,5666,5900,6001,8000,8008,8080,8443,8888,10000,32768,49152,49154" />
</extraports>
<port protocol="tcp" portid="80"><state state="open" reason="syn-ack" reason_ttl="128" /><service name="http" product="Apache httpd" version="2.4.58" extrainfo="OpenSSL/3.1.3 PHP/8.2.12" hostname="localhost" method="probed" conf="10"><cpe>cpe:/a:apache:http_server:2.4.58</cpe></service></port>
<port protocol="tcp" portid="135"><state state="open" reason="syn-ack" reason_ttl="128" /><service name="msrpc" product="Microsoft Windows RPC" ostype="Windows" method="probed" conf="10"><cpe>cpe:/o:microsoft:windows</cpe></service></port>
<port protocol="tcp" portid="139"><state state="open" reason="syn-ack" reason_ttl="128" /><service name="netbios-ssn" product="Microsoft Windows netbios-ssn" ostype="Windows" method="probed" conf="10"><cpe>cpe:/o:microsoft:windows</cpe></service></port>
<port protocol="tcp" portid="443"><state state="open" reason="syn-ack" reason_ttl="128" /><service name="http" product="Apache httpd" version="2.4.58" extrainfo="OpenSSL/3.1.3 PHP/8.2.12" hostname="www.example.com" tunnel="ssl" method="probed" conf="10"><cpe>cpe:/a:apache:http_server:2.4.58</cpe></service></port>
<port protocol="tcp" portid="445"><state state="open" reason="syn-ack" reason_ttl="128" /><service name="microsoft-ds" method="table" conf="3" /></port>
</ports>
<times srtt="11944" rttvar="17985" to="100000" />
</host>
<host starttime="1764676997" endtime="1764677054"><status state="up" reason="arp-response" reason_ttl="0" />
<address addr="10.11.0.111" addrtype="ipv4" />
<address addr="44:38:E8:D9:B6:A6" addrtype="mac" />
<hostnames>
</hostnames>
<ports><extraports state="filtered" count="49">
<extrareasons reason="no-response" count="49" proto="tcp" ports="21-23,25-26,53,80-81,110-111,113,135,139,143,179,199,445,465,514-515,548,554,587,646,993,995,1025-1027,1433,1720,1723,2000-2001,3306,3389,5060,5666,5900,6001,8000,8008,8080,8443,8888,10000,32768,49152,49154" />
</extraports>
<port protocol="tcp" portid="443"><state state="open" reason="syn-ack" reason_ttl="128" /><service name="http" product="Apache httpd" version="2.4.65" extrainfo="(Debian)" tunnel="ssl" method="probed" conf="10"><cpe>cpe:/a:apache:http_server:2.4.65</cpe></service></port>
</ports>
<times srtt="3584" rttvar="8515" to="100000" />
</host>
<host starttime="1764676997" endtime="1764677053"><status state="up" reason="arp-response" reason_ttl="0" />
<address addr="10.11.0.112" addrtype="ipv4" />
<address addr="C0:35:32:A1:69:39" addrtype="mac" vendor="Liteon Technology" />
<hostnames>
</hostnames>
<ports><extraports state="closed" count="48">
<extrareasons reason="reset" count="48" proto="tcp" ports="21-23,25-26,53,80-81,110-111,113,139,143,179,199,443,445,465,514-515,548,554,587,646,993,995,1025-1027,1433,1720,1723,2000-2001,3389,5060,5666,5900,6001,8000,8008,8080,8443,8888,10000,32768,49152,49154" />
</extraports>
<port protocol="tcp" portid="135"><state state="open" reason="syn-ack" reason_ttl="64" /><service name="msrpc" product="Microsoft Windows RPC" ostype="Windows" method="probed" conf="10"><cpe>cpe:/o:microsoft:windows</cpe></service></port>
<port protocol="tcp" portid="3306"><state state="open" reason="syn-ack" reason_ttl="64" /><service name="mysql" product="MySQL" extrainfo="unauthorized" method="probed" conf="10"><cpe>cpe:/a:mysql:mysql</cpe></service></port>
</ports>
<times srtt="7803" rttvar="504" to="100000" />
</host>
<host starttime="1764676997" endtime="1764677053"><status state="up" reason="arp-response" reason_ttl="0" />
<address addr="10.11.0.113" addrtype="ipv4" />
<address addr="C8:CB:9E:E8:FE:F9" addrtype="mac" vendor="Intel Corporate" />
<hostnames>
</hostnames>
<ports><extraports state="filtered" count="49">
<extrareasons reason="no-response" count="49" proto="tcp" ports="21-23,25-26,53,80-81,110-111,113,135,139,143,179,199,443,445,465,514-515,548,554,587,646,993,995,1025-1027,1433,1720,1723,2000-2001,3389,5060,5666,5900,6001,8000,8008,8080,8443,8888,10000,32768,49152,49154" />
</extraports>
<port protocol="tcp" portid="3306"><state state="open" reason="syn-ack" reason_ttl="128" /><service name="mysql" product="MySQL" extrainfo="unauthorized" method="probed" conf="10"><cpe>cpe:/a:mysql:mysql</cpe></service></port>
</ports>
<times srtt="9456" rttvar="21434" to="100000" />
</host>
<host starttime="1764676997" endtime="1764677053"><status state="up" reason="arp-response" reason_ttl="0" />
<address addr="10.11.0.114" addrtype="ipv4" />
<address addr="98:5F:41:17:AB:C4" addrtype="mac" vendor="Intel Corporate" />
<hostnames>
</hostnames>
<ports><extraports state="filtered" count="49">
<extrareasons reason="no-response" count="49" proto="tcp" ports="21-23,25-26,53,80-81,110-111,113,135,139,143,179,199,443,445,465,514-515,548,554,587,646,993,995,1025-1027,1433,1720,1723,2000-2001,3389,5060,5666,5900,6001,8000,8008,8080,8443,8888,10000,32768,49152,49154" />
</extraports>
<port protocol="tcp" portid="3306"><state state="open" reason="syn-ack" reason_ttl="128" /><service name="mysql" product="MySQL" extrainfo="unauthorized" method="probed" conf="10"><cpe>cpe:/a:mysql:mysql</cpe></service></port>
</ports>
<times srtt="3500" rttvar="9784" to="100000" />
</host>
<host starttime="1764676997" endtime="1764677053"><status state="up" reason="arp-response" reason_ttl="0" />
<address addr="10.11.0.115" addrtype="ipv4" />
<address addr="D0:39:57:11:84:A1" addrtype="mac" vendor="Liteon Technology" />
<hostnames>
</hostnames>
<ports><extraports state="filtered" count="47">
<extrareasons reason="no-response" count="47" proto="tcp" ports="21-23,25-26,53,80-81,110-111,113,143,179,199,443,465,514-515,548,554,587,646,993,995,1025-1027,1433,1720,1723,2000-2001,3306,3389,5060,5666,5900,6001,8000,8008,8080,8443,8888,10000,32768,49152,49154" />
</extraports>
<port protocol="tcp" portid="135"><state state="open" reason="syn-ack" reason_ttl="128" /><service name="msrpc" product="Microsoft Windows RPC" ostype="Windows" method="probed" conf="10"><cpe>cpe:/o:microsoft:windows</cpe></service></port>
<port protocol="tcp" portid="139"><state state="open" reason="syn-ack" reason_ttl="128" /><service name="netbios-ssn" product="Microsoft Windows netbios-ssn" ostype="Windows" method="probed" conf="10"><cpe>cpe:/o:microsoft:windows</cpe></service></port>
<port protocol="tcp" portid="445"><state state="open" reason="syn-ack" reason_ttl="128" /><service name="microsoft-ds" method="table" conf="3" /></port>
</ports>
<times srtt="11548" rttvar="18112" to="100000" />
</host>
<host starttime="1764676997" endtime="1764677053"><status state="up" reason="arp-response" reason_ttl="0" />
<address addr="10.11.0.116" addrtype="ipv4" />
<address addr="8C:E9:EE:48:B8:F9" addrtype="mac" vendor="Intel Corporate" />
<hostnames>
</hostnames>
<ports><extraports state="closed" count="46">
<extrareasons reason="reset" count="46" proto="tcp" ports="21-23,25-26,53,80-81,110-111,113,143,179,199,443,465,514-515,548,554,587,646,993,995,1025-1027,1433,1720,1723,2000-2001,3389,5060,5666,5900,6001,8000,8008,8080,8443,8888,10000,32768,49152,49154" />
</extraports>
<port protocol="tcp" portid="135"><state state="open" reason="syn-ack" reason_ttl="128" /><service name="msrpc" product="Microsoft Windows RPC" ostype="Windows" method="probed" conf="10"><cpe>cpe:/o:microsoft:windows</cpe></service></port>
<port protocol="tcp" portid="139"><state state="open" reason="syn-ack" reason_ttl="128" /><service name="netbios-ssn" product="Microsoft Windows netbios-ssn" ostype="Windows" method="probed" conf="10"><cpe>cpe:/o:microsoft:windows</cpe></service></port>
<port protocol="tcp" portid="445"><state state="open" reason="syn-ack" reason_ttl="128" /><service name="microsoft-ds" method="table" conf="3" /></port>
<port protocol="tcp" portid="3306"><state state="open" reason="syn-ack" reason_ttl="128" /><service name="mysql" product="MySQL" extrainfo="unauthorized" method="probed" conf="10"><cpe>cpe:/a:mysql:mysql</cpe></service></port>
</ports>
<times srtt="7487" rttvar="1462" to="100000" />
</host>
<host starttime="1764676997" endtime="1764677054"><status state="up" reason="arp-response" reason_ttl="0" />
<address addr="10.11.0.117" addrtype="ipv4" />
<address addr="1C:CE:51:95:3D:C4" addrtype="mac" vendor="AzureWave Technology" />
<hostnames>
</hostnames>
<ports><extraports state="filtered" count="48">
<extrareasons reason="no-response" count="48" proto="tcp" ports="21-23,25-26,53,81,110-111,113,135,139,143,179,199,445,465,514-515,548,554,587,646,993,995,1025-1027,1433,1720,1723,2000-2001,3306,3389,5060,5666,5900,6001,8000,8008,8080,8443,8888,10000,32768,49152,49154" />
</extraports>
<port protocol="tcp" portid="80"><state state="open" reason="syn-ack" reason_ttl="128" /><service name="http" product="Apache httpd" version="2.4.58" extrainfo="OpenSSL/3.1.3 PHP/8.2.12" hostname="localhost" method="probed" conf="10"><cpe>cpe:/a:apache:http_server:2.4.58</cpe></service></port>
<port protocol="tcp" portid="443"><state state="open" reason="syn-ack" reason_ttl="128" /><service name="http" product="Apache httpd" version="2.4.58" extrainfo="OpenSSL/3.1.3 PHP/8.2.12" hostname="www.example.com" tunnel="ssl" method="probed" conf="10"><cpe>cpe:/a:apache:http_server:2.4.58</cpe></service></port>
</ports>
<times srtt="5004" rttvar="8086" to="100000" />
</host>
<host starttime="1764676998" endtime="1764677053"><status state="up" reason="arp-response" reason_ttl="0" />
<address addr="10.11.0.118" addrtype="ipv4" />
<address addr="74:97:79:97:99:57" addrtype="mac" vendor="Cloud Network Technology Singapore PTE." />
<hostnames>
</hostnames>
<ports><extraports state="filtered" count="49">
<extrareasons reason="no-response" count="49" proto="tcp" ports="21-23,25-26,53,80-81,110-111,113,135,139,143,179,199,443,445,465,514-515,548,554,587,646,993,995,1025-1027,1433,1720,1723,2000-2001,3389,5060,5666,5900,6001,8000,8008,8080,8443,8888,10000,32768,49152,49154" />
</extraports>
<port protocol="tcp" portid="3306"><state state="open" reason="syn-ack" reason_ttl="128" /><service name="mysql" product="MySQL" extrainfo="unauthorized" method="probed" conf="10"><cpe>cpe:/a:mysql:mysql</cpe></service></port>
</ports>
<times srtt="2033" rttvar="6880" to="100000" />
</host>
<host starttime="1764676998" endtime="1764677000"><status state="up" reason="arp-response" reason_ttl="0" />
<address addr="10.11.0.119" addrtype="ipv4" />
<address addr="D0:65:78:FF:3E:E4" addrtype="mac" vendor="Intel Corporate" />
<hostnames>
</hostnames>
<ports><extraports state="filtered" count="50">
<extrareasons reason="no-response" count="50" proto="tcp" ports="21-23,25-26,53,80-81,110-111,113,135,139,143,179,199,443,445,465,514-515,548,554,587,646,993,995,1025-1027,1433,1720,1723,2000-2001,3306,3389,5060,5666,5900,6001,8000,8008,8080,8443,8888,10000,32768,49152,49154" />
</extraports>
</ports>
<times srtt="460" rttvar="5000" to="100000" />
</host>
<host starttime="1764676997" endtime="1764677053"><status state="up" reason="arp-response" reason_ttl="0" />
<address addr="10.11.0.120" addrtype="ipv4" />
<address addr="38:8D:3D:90:DB:38" addrtype="mac" />
<hostnames>
</hostnames>
<ports><extraports state="closed" count="46">
<extrareasons reason="reset" count="46" proto="tcp" ports="21-23,25-26,53,80-81,110-111,113,143,179,199,443,465,514-515,548,554,587,646,993,995,1025-1027,1433,1720,1723,2000-2001,3389,5060,5666,5900,6001,8000,8008,8080,8443,8888,10000,32768,49152,49154" />
</extraports>
<port protocol="tcp" portid="135"><state state="open" reason="syn-ack" reason_ttl="128" /><service name="msrpc" product="Microsoft Windows RPC" ostype="Windows" method="probed" conf="10"><cpe>cpe:/o:microsoft:windows</cpe></service></port>
<port protocol="tcp" portid="139"><state state="open" reason="syn-ack" reason_ttl="128" /><service name="netbios-ssn" product="Microsoft Windows netbios-ssn" ostype="Windows" method="probed" conf="10"><cpe>cpe:/o:microsoft:windows</cpe></service></port>
<port protocol="tcp" portid="445"><state state="open" reason="syn-ack" reason_ttl="128" /><service name="microsoft-ds" method="table" conf="3" /></port>
<port protocol="tcp" portid="3306"><state state="open" reason="syn-ack" reason_ttl="128" /><service name="mysql" product="MySQL" extrainfo="unauthorized" method="probed" conf="10"><cpe>cpe:/a:mysql:mysql</cpe></service></port>
</ports>
<times srtt="6366" rttvar="1515" to="100000" />
</host>
<runstats><finished time="1764677054" timestr="Tue Dec  2 13:04:14 2025" summary="Nmap done at Tue Dec  2 13:04:14 2025; 21 IP addresses (20 hosts up) scanned in 58.36 seconds" elapsed="58.36" exit="success" /><hosts up="20" down="1" total="21" />
</runstats>
</nmaprun>