{
  "hosts": [
    {
      "ip": "10.11.0.100",
      "ports": [
        {
          "port": "135",
          "protocol": "tcp",
          "service": "msrpc",
          "version": null,
          "vulns": [
            {
              "cve": "CVE-2002-1873",
              "cvss": 5.0,
              "severity": "MEDIUM",
              "description": "Microsoft Exchange 2000, when used with Microsoft Remote Procedure Call (MSRPC), allows remote attackers to cause a denial of service (crash or memory consumption) via malformed MSRPC calls.",
              "published": "2002-12-31T05:00:00.000",
              "updated": "2025-04-03T01:03:51.193"
            },
            {
              "cve": "CVE-2013-4688",
              "cvss": 7.8,
              "severity": "HIGH",
              "description": "flowd in Juniper Junos 10.4 before 10.4R11 on SRX devices, when the MSRPC Application Layer Gateway (ALG) is enabled, allows remote attackers to cause a denial of service (daemon crash) via crafted MS...",
              "published": "2013-07-11T14:55:01.403",
              "updated": "2025-04-11T00:51:21.963"
            }
          ]
        },
        {
          "port": "139",
          "protocol": "tcp",
          "service": "netbios-ssn",
          "version": null,
          "vulns": []
        },
        {
          "port": "445",
          "protocol": "tcp",
          "service": "microsoft-ds",
          "version": null,
          "vulns": [
            {
              "cve": "CVE-2002-0597",
              "cvss": 5.0,
              "severity": "MEDIUM",
              "description": "LANMAN service on Microsoft Windows 2000 allows remote attackers to cause a denial of service (CPU/memory exhaustion) via a stream of malformed data to microsoft-ds port 445.",
              "published": "2002-06-18T04:00:00.000",
              "updated": "2025-04-03T01:03:51.193"
            }
          ]
        }
      ]
    },
    {
      "ip": "10.11.0.101",
      "ports": [
        {
          "port": "135",
          "protocol": "tcp",
          "service": "msrpc",
          "version": null,
          "vulns": [
            {
              "cve": "CVE-2002-1873",
              "cvss": 5.0,
              "severity": "MEDIUM",
              "description": "Microsoft Exchange 2000, when used with Microsoft Remote Procedure Call (MSRPC), allows remote attackers to cause a denial of service (crash or memory consumption) via malformed MSRPC calls.",
              "published": "2002-12-31T05:00:00.000",
              "updated": "2025-04-03T01:03:51.193"
            },
            {
              "cve": "CVE-2013-4688",
              "cvss": 7.8,
              "severity": "HIGH",
              "description": "flowd in Juniper Junos 10.4 before 10.4R11 on SRX devices, when the MSRPC Application Layer Gateway (ALG) is enabled, allows remote attackers to cause a denial of service (daemon crash) via crafted MS...",
              "published": "2013-07-11T14:55:01.403",
              "updated": "2025-04-11T00:51:21.963"
            }
          ]
        },
        {
          "port": "139",
          "protocol": "tcp",
          "service": "netbios-ssn",
          "version": null,
          "vulns": []
        },
        {
          "port": "445",
          "protocol": "tcp",
          "service": "microsoft-ds",
          "version": null,
          "vulns": [
            {
              "cve": "CVE-2002-0597",
              "cvss": 5.0,
              "severity": "MEDIUM",
              "description": "LANMAN service on Microsoft Windows 2000 allows remote attackers to cause a denial of service (CPU/memory exhaustion) via a stream of malformed data to microsoft-ds port 445.",
              "published": "2002-06-18T04:00:00.000",
              "updated": "2025-04-03T01:03:51.193"
            }
          ]
        }
      ]
    },
    {
      "ip": "10.11.0.102",
      "ports": [
        {
          "port": "135",
          "protocol": "tcp",
          "service": "msrpc",
          "version": null,
          "vulns": [
            {
              "cve": "CVE-2002-1873",
              "cvss": 5.0,
              "severity": "MEDIUM",
              "description": "Microsoft Exchange 2000, when used with Microsoft Remote Procedure Call (MSRPC), allows remote attackers to cause a denial of service (crash or memory consumption) via malformed MSRPC calls.",
              "published": "2002-12-31T05:00:00.000",
              "updated": "2025-04-03T01:03:51.193"
            },
            {
              "cve": "CVE-2013-4688",
              "cvss": 7.8,
              "severity": "HIGH",
              "description": "flowd in Juniper Junos 10.4 before 10.4R11 on SRX devices, when the MSRPC Application Layer Gateway (ALG) is enabled, allows remote attackers to cause a denial of service (daemon crash) via crafted MS...",
              "published": "2013-07-11T14:55:01.403",
              "updated": "2025-04-11T00:51:21.963"
            }
          ]
        },
        {
          "port": "139",
          "protocol": "tcp",
          "service": "netbios-ssn",
          "version": null,
          "vulns": []
        },
        {
          "port": "445",
          "protocol": "tcp",
          "service": "microsoft-ds",
          "version": null,
          "vulns": [
            {
              "cve": "CVE-2002-0597",
              "cvss": 5.0,
              "severity": "MEDIUM",
              "description": "LANMAN service on Microsoft Windows 2000 allows remote attackers to cause a denial of service (CPU/memory exhaustion) via a stream of malformed data to microsoft-ds port 445.",
              "published": "2002-06-18T04:00:00.000",
              "updated": "2025-04-03T01:03:51.193"
            }
          ]
        },
        {
          "port": "3306",
          "protocol": "tcp",
          "service": "mysql",
          "version": null,
          "vulns": [
            {
              "cve": "CVE-1999-1188",
              "cvss": 4.6,
              "severity": "MEDIUM",
              "description": "mysqld in MySQL 3.21 creates log files with world-readable permissions, which allows local users to obtain passwords for users who are added to the user database.",
              "published": "1998-12-27T05:00:00.000",
              "updated": "2025-04-03T01:03:51.193"
            },
            {
              "cve": "CVE-1999-0652",
              "cvss": null,
              "severity": null,
              "description": "Rejected reason: DO NOT USE THIS CANDIDATE NUMBER.  ConsultIDs: None.  Reason: this candidate is solely about a configuration that does not directly introduce security vulnerabilities, so it is more a...",
              "published": "1999-01-01T05:00:00.000",
              "updated": "2023-11-07T01:55:00.253"
            },
            {
              "cve": "CVE-2000-0045",
              "cvss": 6.4,
              "severity": "MEDIUM",
              "description": "MySQL allows local users to modify passwords for arbitrary MySQL users via the GRANT privilege.",
              "published": "2000-01-11T05:00:00.000",
              "updated": "2025-04-03T01:03:51.193"
            },
            {
              "cve": "CVE-2000-0148",
              "cvss": 7.5,
              "severity": "HIGH",
              "description": "MySQL 3.22 allows remote attackers to bypass password authentication and access a database via a short check string.",
              "published": "2000-02-08T05:00:00.000",
              "updated": "2025-04-03T01:03:51.193"
            },
            {
              "cve": "CVE-2000-0707",
              "cvss": 7.5,
              "severity": "HIGH",
              "description": "PCCS MySQLDatabase Admin Tool Manager 1.2.4 and earlier installs the file dbconnect.inc within the web root, which allows remote attackers to obtain sensitive information such as the administrative pa...",
              "published": "2000-10-20T04:00:00.000",
              "updated": "2025-04-03T01:03:51.193"
            }
          ]
        }
      ]
    },
    {
      "ip": "10.11.0.103",
      "ports": [
        {
          "port": "80",
          "protocol": "tcp",
          "service": "http",
          "version": "10.0",
          "vulns": [
            {
              "cve": "CVE-2006-3276",
              "cvss": 7.5,
              "severity": "HIGH",
              "description": "Heap-based buffer overflow in RealNetworks Helix DNA Server 10.0 and 11.0 allows remote attackers to execute arbitrary code via (1) a long User-Agent HTTP header in the RTSP service and (2) unspecifie...",
              "published": "2006-06-28T22:05:00.000",
              "updated": "2025-04-03T01:03:51.193"
            },
            {
              "cve": "CVE-2006-2658",
              "cvss": 5.0,
              "severity": "MEDIUM",
              "description": "Directory traversal vulnerability in the xsp component in mod_mono in Mono/C# web server, as used in SUSE Open-Enterprise-Server 1 and SUSE Linux 9.2 through 10.0, allows remote attackers to read arbi...",
              "published": "2006-09-12T16:07:00.000",
              "updated": "2025-04-03T01:03:51.193"
            },
            {
              "cve": "CVE-2008-0870",
              "cvss": 7.5,
              "severity": "HIGH",
              "description": "BEA WebLogic Portal 10.0 and 9.2 through Maintenance Pack 2, under certain circumstances, can redirect a user from the https:// URI for the Portal Administration Console to an http URI, which allows r...",
              "published": "2008-02-21T01:44:00.000",
              "updated": "2025-04-09T00:30:58.490"
            },
            {
              "cve": "CVE-2009-1012",
              "cvss": 10.0,
              "severity": "HIGH",
              "description": "Unspecified vulnerability in the plug-ins for Apache and IIS web servers in Oracle BEA WebLogic Server 7.0 Gold through SP7, 8.1 Gold through SP6, 9.0, 9.1, 9.2 Gold through MP3, 10.0 Gold through MP1...",
              "published": "2009-04-15T10:30:01.017",
              "updated": "2025-04-09T00:30:58.490"
            },
            {
              "cve": "CVE-2009-2351",
              "cvss": 4.3,
              "severity": "MEDIUM",
              "description": "Opera 9.52 and earlier does not block javascript: URIs in Refresh headers in HTTP responses, which allows remote attackers to conduct cross-site scripting (XSS) attacks via vectors related to (1) inje...",
              "published": "2009-07-07T23:30:00.250",
              "updated": "2025-04-09T00:30:58.490"
            }
          ]
        },
        {
          "port": "135",
          "protocol": "tcp",
          "service": "msrpc",
          "version": null,
          "vulns": [
            {
              "cve": "CVE-2002-1873",
              "cvss": 5.0,
              "severity": "MEDIUM",
              "description": "Microsoft Exchange 2000, when used with Microsoft Remote Procedure Call (MSRPC), allows remote attackers to cause a denial of service (crash or memory consumption) via malformed MSRPC calls.",
              "published": "2002-12-31T05:00:00.000",
              "updated": "2025-04-03T01:03:51.193"
            },
            {
              "cve": "CVE-2013-4688",
              "cvss": 7.8,
              "severity": "HIGH",
              "description": "flowd in Juniper Junos 10.4 before 10.4R11 on SRX devices, when the MSRPC Application Layer Gateway (ALG) is enabled, allows remote attackers to cause a denial of service (daemon crash) via crafted MS...",
              "published": "2013-07-11T14:55:01.403",
              "updated": "2025-04-11T00:51:21.963"
            }
          ]
        },
        {
          "port": "139",
          "protocol": "tcp",
          "service": "netbios-ssn",
          "version": null,
          "vulns": []
        },
        {
          "port": "445",
          "protocol": "tcp",
          "service": "microsoft-ds",
          "version": null,
          "vulns": [
            {
              "cve": "CVE-2002-0597",
              "cvss": 5.0,
              "severity": "MEDIUM",
              "description": "LANMAN service on Microsoft Windows 2000 allows remote attackers to cause a denial of service (CPU/memory exhaustion) via a stream of malformed data to microsoft-ds port 445.",
              "published": "2002-06-18T04:00:00.000",
              "updated": "2025-04-03T01:03:51.193"
            }
          ]
        }
      ]
    },
    {
      "ip": "10.11.0.104",
      "ports": []
    },
    {
      "ip": "10.11.0.106",
      "ports": []
    },
    {
      "ip": "10.11.0.107",
      "ports": [
        {
          "port": "135",
          "protocol": "tcp",
          "service": "msrpc",
          "version": null,
          "vulns": [
            {
              "cve": "CVE-2002-1873",
              "cvss": 5.0,
              "severity": "MEDIUM",
              "description": "Microsoft Exchange 2000, when used with Microsoft Remote Procedure Call (MSRPC), allows remote attackers to cause a denial of service (crash or memory consumption) via malformed MSRPC calls.",
              "published": "2002-12-31T05:00:00.000",
              "updated": "2025-04-03T01:03:51.193"
            },
            {
              "cve": "CVE-2013-4688",
              "cvss": 7.8,
              "severity": "HIGH",
              "description": "flowd in Juniper Junos 10.4 before 10.4R11 on SRX devices, when the MSRPC Application Layer Gateway (ALG) is enabled, allows remote attackers to cause a denial of service (daemon crash) via crafted MS...",
              "published": "2013-07-11T14:55:01.403",
              "updated": "2025-04-11T00:51:21.963"
            }
          ]
        },
        {
          "port": "443",
          "protocol": "tcp",
          "service": "http",
          "version": "2.4.65",
          "vulns": [
            {
              "cve": "CVE-2025-54090",
              "cvss": 6.3,
              "severity": "MEDIUM",
              "description": "A bug in Apache HTTP Server 2.4.64 results in all \"RewriteCond expr ...\" tests evaluating as \"true\".\n\n\n\nUsers are recommended to upgrade to version 2.4.65, which fixes the issue.",
              "published": "2025-07-23T14:15:34.177",
              "updated": "2025-11-04T22:16:27.417"
            }
          ]
        }
      ]
    },
    {
      "ip": "10.11.0.108",
      "ports": [
        {
          "port": "80",
          "protocol": "tcp",
          "service": "http",
          "version": "10.0",
          "vulns": [
            {
              "cve": "CVE-2006-3276",
              "cvss": 7.5,
              "severity": "HIGH",
              "description": "Heap-based buffer overflow in RealNetworks Helix DNA Server 10.0 and 11.0 allows remote attackers to execute arbitrary code via (1) a long User-Agent HTTP header in the RTSP service and (2) unspecifie...",
              "published": "2006-06-28T22:05:00.000",
              "updated": "2025-04-03T01:03:51.193"
            },
            {
              "cve": "CVE-2006-2658",
              "cvss": 5.0,
              "severity": "MEDIUM",
              "description": "Directory traversal vulnerability in the xsp component in mod_mono in Mono/C# web server, as used in SUSE Open-Enterprise-Server 1 and SUSE Linux 9.2 through 10.0, allows remote attackers to read arbi...",
              "published": "2006-09-12T16:07:00.000",
              "updated": "2025-04-03T01:03:51.193"
            },
            {
              "cve": "CVE-2008-0870",
              "cvss": 7.5,
              "severity": "HIGH",
              "description": "BEA WebLogic Portal 10.0 and 9.2 through Maintenance Pack 2, under certain circumstances, can redirect a user from the https:// URI for the Portal Administration Console to an http URI, which allows r...",
              "published": "2008-02-21T01:44:00.000",
              "updated": "2025-04-09T00:30:58.490"
            },
            {
              "cve": "CVE-2009-1012",
              "cvss": 10.0,
              "severity": "HIGH",
              "description": "Unspecified vulnerability in the plug-ins for Apache and IIS web servers in Oracle BEA WebLogic Server 7.0 Gold through SP7, 8.1 Gold through SP6, 9.0, 9.1, 9.2 Gold through MP3, 10.0 Gold through MP1...",
              "published": "2009-04-15T10:30:01.017",
              "updated": "2025-04-09T00:30:58.490"
            },
            {
              "cve": "CVE-2009-2351",
              "cvss": 4.3,
              "severity": "MEDIUM",
              "description": "Opera 9.52 and earlier does not block javascript: URIs in Refresh headers in HTTP responses, which allows remote attackers to conduct cross-site scripting (XSS) attacks via vectors related to (1) inje...",
              "published": "2009-07-07T23:30:00.250",
              "updated": "2025-04-09T00:30:58.490"
            }
          ]
        },
        {
          "port": "135",
          "protocol": "tcp",
          "service": "msrpc",
          "version": null,
          "vulns": [
            {
              "cve": "CVE-2002-1873",
              "cvss": 5.0,
              "severity": "MEDIUM",
              "description": "Microsoft Exchange 2000, when used with Microsoft Remote Procedure Call (MSRPC), allows remote attackers to cause a denial of service (crash or memory consumption) via malformed MSRPC calls.",
              "published": "2002-12-31T05:00:00.000",
              "updated": "2025-04-03T01:03:51.193"
            },
            {
              "cve": "CVE-2013-4688",
              "cvss": 7.8,
              "severity": "HIGH",
              "description": "flowd in Juniper Junos 10.4 before 10.4R11 on SRX devices, when the MSRPC Application Layer Gateway (ALG) is enabled, allows remote attackers to cause a denial of service (daemon crash) via crafted MS...",
              "published": "2013-07-11T14:55:01.403",
              "updated": "2025-04-11T00:51:21.963"
            }
          ]
        },
        {
          "port": "139",
          "protocol": "tcp",
          "service": "netbios-ssn",
          "version": null,
          "vulns": []
        },
        {
          "port": "445",
          "protocol": "tcp",
          "service": "microsoft-ds",
          "version": null,
          "vulns": [
            {
              "cve": "CVE-2002-0597",
              "cvss": 5.0,
              "severity": "MEDIUM",
              "description": "LANMAN service on Microsoft Windows 2000 allows remote attackers to cause a denial of service (CPU/memory exhaustion) via a stream of malformed data to microsoft-ds port 445.",
              "published": "2002-06-18T04:00:00.000",
              "updated": "2025-04-03T01:03:51.193"
            }
          ]
        },
        {
          "port": "3306",
          "protocol": "tcp",
          "service": "mysql",
          "version": null,
          "vulns": [
            {
              "cve": "CVE-1999-1188",
              "cvss": 4.6,
              "severity": "MEDIUM",
              "description": "mysqld in MySQL 3.21 creates log files with world-readable permissions, which allows local users to obtain passwords for users who are added to the user database.",
              "published": "1998-12-27T05:00:00.000",
              "updated": "2025-04-03T01:03:51.193"
            },
            {
              "cve": "CVE-1999-0652",
              "cvss": null,
              "severity": null,
              "description": "Rejected reason: DO NOT USE THIS CANDIDATE NUMBER.  ConsultIDs: None.  Reason: this candidate is solely about a configuration that does not directly introduce security vulnerabilities, so it is more a...",
              "published": "1999-01-01T05:00:00.000",
              "updated": "2023-11-07T01:55:00.253"
            },
            {
              "cve": "CVE-2000-0045",
              "cvss": 6.4,
              "severity": "MEDIUM",
              "description": "MySQL allows local users to modify passwords for arbitrary MySQL users via the GRANT privilege.",
              "published": "2000-01-11T05:00:00.000",
              "updated": "2025-04-03T01:03:51.193"
            },
            {
              "cve": "CVE-2000-0148",
              "cvss": 7.5,
              "severity": "HIGH",
              "description": "MySQL 3.22 allows remote attackers to bypass password authentication and access a database via a short check string.",
              "published": "2000-02-08T05:00:00.000",
              "updated": "2025-04-03T01:03:51.193"
            },
            {
              "cve": "CVE-2000-0707",
              "cvss": 7.5,
              "severity": "HIGH",
              "description": "PCCS MySQLDatabase Admin Tool Manager 1.2.4 and earlier installs the file dbconnect.inc within the web root, which allows remote attackers to obtain sensitive information such as the administrative pa...",
              "published": "2000-10-20T04:00:00.000",
              "updated": "2025-04-03T01:03:51.193"
            }
          ]
        }
      ]
    },
    {
      "ip": "10.11.0.109",
      "ports": []
    },
    {
      "ip": "10.11.0.110",
      "ports": [
        {
          "port": "80",
          "protocol": "tcp",
          "service": "http",
          "version": "2.4.58",
          "vulns": [
            {
              "cve": "CVE-2023-43622",
              "cvss": 7.5,
              "severity": "HIGH",
              "description": "An attacker, opening a HTTP/2 connection with an initial window size of 0, was able to block handling of that connection indefinitely in Apache HTTP Server. This could be used to exhaust worker resour...",
              "published": "2023-10-23T07:15:11.243",
              "updated": "2025-02-13T17:17:13.110"
            },
            {
              "cve": "CVE-2023-45802",
              "cvss": 5.9,
              "severity": "MEDIUM",
              "description": "When a HTTP/2 stream was reset (RST frame) by a client, there was a time window were the request's memory resources were not reclaimed immediately. Instead, de-allocation was deferred to connection cl...",
              "published": "2023-10-23T07:15:11.330",
              "updated": "2025-08-25T02:09:55.670"
            },
            {
              "cve": "CVE-2023-38709",
              "cvss": 7.3,
              "severity": "HIGH",
              "description": "Faulty input validation in the core of Apache allows malicious or exploitable backend/content generators to split HTTP responses.\n\nThis issue affects Apache HTTP Server: through 2.4.58.",
              "published": "2024-04-04T20:15:08.047",
              "updated": "2025-11-04T22:15:53.457"
            }
          ]
        },
        {
          "port": "135",
          "protocol": "tcp",
          "service": "msrpc",
          "version": null,
          "vulns": [
            {
              "cve": "CVE-2002-1873",
              "cvss": 5.0,
              "severity": "MEDIUM",
              "description": "Microsoft Exchange 2000, when used with Microsoft Remote Procedure Call (MSRPC), allows remote attackers to cause a denial of service (crash or memory consumption) via malformed MSRPC calls.",
              "published": "2002-12-31T05:00:00.000",
              "updated": "2025-04-03T01:03:51.193"
            },
            {
              "cve": "CVE-2013-4688",
              "cvss": 7.8,
              "severity": "HIGH",
              "description": "flowd in Juniper Junos 10.4 before 10.4R11 on SRX devices, when the MSRPC Application Layer Gateway (ALG) is enabled, allows remote attackers to cause a denial of service (daemon crash) via crafted MS...",
              "published": "2013-07-11T14:55:01.403",
              "updated": "2025-04-11T00:51:21.963"
            }
          ]
        },
        {
          "port": "139",
          "protocol": "tcp",
          "service": "netbios-ssn",
          "version": null,
          "vulns": []
        },
        {
          "port": "443",
          "protocol": "tcp",
          "service": "http",
          "version": "2.4.58",
          "vulns": [
            {
              "cve": "CVE-2023-43622",
              "cvss": 7.5,
              "severity": "HIGH",
              "description": "An attacker, opening a HTTP/2 connection with an initial window size of 0, was able to block handling of that connection indefinitely in Apache HTTP Server. This could be used to exhaust worker resour...",
              "published": "2023-10-23T07:15:11.243",
              "updated": "2025-02-13T17:17:13.110"
            },
            {
              "cve": "CVE-2023-45802",
              "cvss": 5.9,
              "severity": "MEDIUM",
              "description": "When a HTTP/2 stream was reset (RST frame) by a client, there was a time window were the request's memory resources were not reclaimed immediately. Instead, de-allocation was deferred to connection cl...",
              "published": "2023-10-23T07:15:11.330",
              "updated": "2025-08-25T02:09:55.670"
            },
            {
              "cve": "CVE-2023-38709",
              "cvss": 7.3,
              "severity": "HIGH",
              "description": "Faulty input validation in the core of Apache allows malicious or exploitable backend/content generators to split HTTP responses.\n\nThis issue affects Apache HTTP Server: through 2.4.58.",
              "published": "2024-04-04T20:15:08.047",
              "updated": "2025-11-04T22:15:53.457"
            }
          ]
        },
        {
          "port": "445",
          "protocol": "tcp",
          "service": "microsoft-ds",
          "version": null,
          "vulns": [
            {
              "cve": "CVE-2002-0597",
              "cvss": 5.0,
              "severity": "MEDIUM",
              "description": "LANMAN service on Microsoft Windows 2000 allows remote attackers to cause a denial of service (CPU/memory exhaustion) via a stream of malformed data to microsoft-ds port 445.",
              "published": "2002-06-18T04:00:00.000",
              "updated": "2025-04-03T01:03:51.193"
            }
          ]
        }
      ]
    },
    {
      "ip": "10.11.0.111",
      "ports": [
        {
          "port": "443",
          "protocol": "tcp",
          "service": "http",
          "version": "2.4.65",
          "vulns": [
            {
              "cve": "CVE-2025-54090",
              "cvss": 6.3,
              "severity": "MEDIUM",
              "description": "A bug in Apache HTTP Server 2.4.64 results in all \"RewriteCond expr ...\" tests evaluating as \"true\".\n\n\n\nUsers are recommended to upgrade to version 2.4.65, which fixes the issue.",
              "published": "2025-07-23T14:15:34.177",
              "updated": "2025-11-04T22:16:27.417"
            }
          ]
        }
      ]
    },
    {
      "ip": "10.11.0.112",
      "ports": [
        {
          "port": "135",
          "protocol": "tcp",
          "service": "msrpc",
          "version": null,
          "vulns": [
            {
              "cve": "CVE-2002-1873",
              "cvss": 5.0,
              "severity": "MEDIUM",
              "description": "Microsoft Exchange 2000, when used with Microsoft Remote Procedure Call (MSRPC), allows remote attackers to cause a denial of service (crash or memory consumption) via malformed MSRPC calls.",
              "published": "2002-12-31T05:00:00.000",
              "updated": "2025-04-03T01:03:51.193"
            },
            {
              "cve": "CVE-2013-4688",
              "cvss": 7.8,
              "severity": "HIGH",
              "description": "flowd in Juniper Junos 10.4 before 10.4R11 on SRX devices, when the MSRPC Application Layer Gateway (ALG) is enabled, allows remote attackers to cause a denial of service (daemon crash) via crafted MS...",
              "published": "2013-07-11T14:55:01.403",
              "updated": "2025-04-11T00:51:21.963"
            }
          ]
        },
        {
          "port": "3306",
          "protocol": "tcp",
          "service": "mysql",
          "version": null,
          "vulns": [
            {
              "cve": "CVE-1999-1188",
              "cvss": 4.6,
              "severity": "MEDIUM",
              "description": "mysqld in MySQL 3.21 creates log files with world-readable permissions, which allows local users to obtain passwords for users who are added to the user database.",
              "published": "1998-12-27T05:00:00.000",
              "updated": "2025-04-03T01:03:51.193"
            },
            {
              "cve": "CVE-1999-0652",
              "cvss": null,
              "severity": null,
              "description": "Rejected reason: DO NOT USE THIS CANDIDATE NUMBER.  ConsultIDs: None.  Reason: this candidate is solely about a configuration that does not directly introduce security vulnerabilities, so it is more a...",
              "published": "1999-01-01T05:00:00.000",
              "updated": "2023-11-07T01:55:00.253"
            },
            {
              "cve": "CVE-2000-0045",
              "cvss": 6.4,
              "severity": "MEDIUM",
              "description": "MySQL allows local users to modify passwords for arbitrary MySQL users via the GRANT privilege.",
              "published": "2000-01-11T05:00:00.000",
              "updated": "2025-04-03T01:03:51.193"
            },
            {
              "cve": "CVE-2000-0148",
              "cvss": 7.5,
              "severity": "HIGH",
              "description": "MySQL 3.22 allows remote attackers to bypass password authentication and access a database via a short check string.",
              "published": "2000-02-08T05:00:00.000",
              "updated": "2025-04-03T01:03:51.193"
            },
            {
              "cve": "CVE-2000-0707",
              "cvss": 7.5,
              "severity": "HIGH",
              "description": "PCCS MySQLDatabase Admin Tool Manager 1.2.4 and earlier installs the file dbconnect.inc within the web root, which allows remote attackers to obtain sensitive information such as the administrative pa...",
              "published": "2000-10-20T04:00:00.000",
              "updated": "2025-04-03T01:03:51.193"
            }
          ]
        }
      ]
    },
    {
      "ip": "10.11.0.113",
      "ports": [
        {
          "port": "3306",
          "protocol": "tcp",
          "service": "mysql",
          "version": null,
          "vulns": [
            {
              "cve": "CVE-1999-1188",
              "cvss": 4.6,
              "severity": "MEDIUM",
              "description": "mysqld in MySQL 3.21 creates log files with world-readable permissions, which allows local users to obtain passwords for users who are added to the user database.",
              "published": "1998-12-27T05:00:00.000",
              "updated": "2025-04-03T01:03:51.193"
            },
            {
              "cve": "CVE-1999-0652",
              "cvss": null,
              "severity": null,
              "description": "Rejected reason: DO NOT USE THIS CANDIDATE NUMBER.  ConsultIDs: None.  Reason: this candidate is solely about a configuration that does not directly introduce security vulnerabilities, so it is more a...",
              "published": "1999-01-01T05:00:00.000",
              "updated": "2023-11-07T01:55:00.253"
            },
            {
              "cve": "CVE-2000-0045",
              "cvss": 6.4,
              "severity": "MEDIUM",
              "description": "MySQL allows local users to modify passwords for arbitrary MySQL users via the GRANT privilege.",
              "published": "2000-01-11T05:00:00.000",
              "updated": "2025-04-03T01:03:51.193"
            },
            {
              "cve": "CVE-2000-0148",
              "cvss": 7.5,
              "severity": "HIGH",
              "description": "MySQL 3.22 allows remote attackers to bypass password authentication and access a database via a short check string.",
              "published": "2000-02-08T05:00:00.000",
              "updated": "2025-04-03T01:03:51.193"
            },
            {
              "cve": "CVE-2000-0707",
              "cvss": 7.5,
              "severity": "HIGH",
              "description": "PCCS MySQLDatabase Admin Tool Manager 1.2.4 and earlier installs the file dbconnect.inc within the web root, which allows remote attackers to obtain sensitive information such as the administrative pa...",
              "published": "2000-10-20T04:00:00.000",
              "updated": "2025-04-03T01:03:51.193"
            }
          ]
        }
      ]
    },
    {
      "ip": "10.11.0.114",
      "ports": [
        {
          "port": "3306",
          "protocol": "tcp",
          "service": "mysql",
          "version": null,
          "vulns": [
            {
              "cve": "CVE-1999-1188",
              "cvss": 4.6,
              "severity": "MEDIUM",
              "description": "mysqld in MySQL 3.21 creates log files with world-readable permissions, which allows local users to obtain passwords for users who are added to the user database.",
              "published": "1998-12-27T05:00:00.000",
              "updated": "2025-04-03T01:03:51.193"
            },
            {
              "cve": "CVE-1999-0652",
              "cvss": null,
              "severity": null,
              "description": "Rejected reason: DO NOT USE THIS CANDIDATE NUMBER.  ConsultIDs: None.  Reason: this candidate is solely about a configuration that does not directly introduce security vulnerabilities, so it is more a...",
              "published": "1999-01-01T05:00:00.000",
              "updated": "2023-11-07T01:55:00.253"
            },
            {
              "cve": "CVE-2000-0045",
              "cvss": 6.4,
              "severity": "MEDIUM",
              "description": "MySQL allows local users to modify passwords for arbitrary MySQL users via the GRANT privilege.",
              "published": "2000-01-11T05:00:00.000",
              "updated": "2025-04-03T01:03:51.193"
            },
            {
              "cve": "CVE-2000-0148",
              "cvss": 7.5,
              "severity": "HIGH",
              "description": "MySQL 3.22 allows remote attackers to bypass password authentication and access a database via a short check string.",
              "published": "2000-02-08T05:00:00.000",
              "updated": "2025-04-03T01:03:51.193"
            },
            {
              "cve": "CVE-2000-0707",
              "cvss": 7.5,
              "severity": "HIGH",
              "description": "PCCS MySQLDatabase Admin Tool Manager 1.2.4 and earlier installs the file dbconnect.inc within the web root, which allows remote attackers to obtain sensitive information such as the administrative pa...",
              "published": "2000-10-20T04:00:00.000",
              "updated": "2025-04-03T01:03:51.193"
            }
          ]
        }
      ]
    },
    {
      "ip": "10.11.0.115",
      "ports": [
        {
          "port": "135",
          "protocol": "tcp",
          "service": "msrpc",
          "version": null,
          "vulns": [
            {
              "cve": "CVE-2002-1873",
              "cvss": 5.0,
              "severity": "MEDIUM",
              "description": "Microsoft Exchange 2000, when used with Microsoft Remote Procedure Call (MSRPC), allows remote attackers to cause a denial of service (crash or memory consumption) via malformed MSRPC calls.",
              "published": "2002-12-31T05:00:00.000",
              "updated": "2025-04-03T01:03:51.193"
            },
            {
              "cve": "CVE-2013-4688",
              "cvss": 7.8,
              "severity": "HIGH",
              "description": "flowd in Juniper Junos 10.4 before 10.4R11 on SRX devices, when the MSRPC Application Layer Gateway (ALG) is enabled, allows remote attackers to cause a denial of service (daemon crash) via crafted MS...",
              "published": "2013-07-11T14:55:01.403",
              "updated": "2025-04-11T00:51:21.963"
            }
          ]
        },
        {
          "port": "139",
          "protocol": "tcp",
          "service": "netbios-ssn",
          "version": null,
          "vulns": []
        },
        {
          "port": "445",
          "protocol": "tcp",
          "service": "microsoft-ds",
          "version": null,
          "vulns": [
            {
              "cve": "CVE-2002-0597",
              "cvss": 5.0,
              "severity": "MEDIUM",
              "description": "LANMAN service on Microsoft Windows 2000 allows remote attackers to cause a denial of service (CPU/memory exhaustion) via a stream of malformed data to microsoft-ds port 445.",
              "published": "2002-06-18T04:00:00.000",
              "updated": "2025-04-03T01:03:51.193"
            }
          ]
        }
      ]
    },
    {
      "ip": "10.11.0.116",
      "ports": [
        {
          "port": "135",
          "protocol": "tcp",
          "service": "msrpc",
          "version": null,
          "vulns": [
            {
              "cve": "CVE-2002-1873",
              "cvss": 5.0,
              "severity": "MEDIUM",
              "description": "Microsoft Exchange 2000, when used with Microsoft Remote Procedure Call (MSRPC), allows remote attackers to cause a denial of service (crash or memory consumption) via malformed MSRPC calls.",
              "published": "2002-12-31T05:00:00.000",
              "updated": "2025-04-03T01:03:51.193"
            },
            {
              "cve": "CVE-2013-4688",
              "cvss": 7.8,
              "severity": "HIGH",
              "description": "flowd in Juniper Junos 10.4 before 10.4R11 on SRX devices, when the MSRPC Application Layer Gateway (ALG) is enabled, allows remote attackers to cause a denial of service (daemon crash) via crafted MS...",
              "published": "2013-07-11T14:55:01.403",
              "updated": "2025-04-11T00:51:21.963"
            }
          ]
        },
        {
          "port": "139",
          "protocol": "tcp",
          "service": "netbios-ssn",
          "version": null,
          "vulns": []
        },
        {
          "port": "445",
          "protocol": "tcp",
          "service": "microsoft-ds",
          "version": null,
          "vulns": [
            {
              "cve": "CVE-2002-0597",
              "cvss": 5.0,
              "severity": "MEDIUM",
              "description": "LANMAN service on Microsoft Windows 2000 allows remote attackers to cause a denial of service (CPU/memory exhaustion) via a stream of malformed data to microsoft-ds port 445.",
              "published": "2002-06-18T04:00:00.000",
              "updated": "2025-04-03T01:03:51.193"
            }
          ]
        },
        {
          "port": "3306",
          "protocol": "tcp",
          "service": "mysql",
          "version": null,
          "vulns": [
            {
              "cve": "CVE-1999-1188",
              "cvss": 4.6,
              "severity": "MEDIUM",
              "description": "mysqld in MySQL 3.21 creates log files with world-readable permissions, which allows local users to obtain passwords for users who are added to the user database.",
              "published": "1998-12-27T05:00:00.000",
              "updated": "2025-04-03T01:03:51.193"
            },
            {
              "cve": "CVE-1999-0652",
              "cvss": null,
              "severity": null,
              "description": "Rejected reason: DO NOT USE THIS CANDIDATE NUMBER.  ConsultIDs: None.  Reason: this candidate is solely about a configuration that does not directly introduce security vulnerabilities, so it is more a...",
              "published": "1999-01-01T05:00:00.000",
              "updated": "2023-11-07T01:55:00.253"
            },
            {
              "cve": "CVE-2000-0045",
              "cvss": 6.4,
              "severity": "MEDIUM",
              "description": "MySQL allows local users to modify passwords for arbitrary MySQL users via the GRANT privilege.",
              "published": "2000-01-11T05:00:00.000",
              "updated": "2025-04-03T01:03:51.193"
            },
            {
              "cve": "CVE-2000-0148",
              "cvss": 7.5,
              "severity": "HIGH",
              "description": "MySQL 3.22 allows remote attackers to bypass password authentication and access a database via a short check string.",
              "published": "2000-02-08T05:00:00.000",
              "updated": "2025-04-03T01:03:51.193"
            },
            {
              "cve": "CVE-2000-0707",
              "cvss": 7.5,
              "severity": "HIGH",
              "description": "PCCS MySQLDatabase Admin Tool Manager 1.2.4 and earlier installs the file dbconnect.inc within the web root, which allows remote attackers to obtain sensitive information such as the administrative pa...",
              "published": "2000-10-20T04:00:00.000",
              "updated": "2025-04-03T01:03:51.193"
            }
          ]
        }
      ]
    },
    {
      "ip": "10.11.0.117",
      "ports": [
        {
          "port": "80",
          "protocol": "tcp",
          "service": "http",
          "version": "2.4.58",
          "vulns": [
            {
              "cve": "CVE-2023-43622",
              "cvss": 7.5,
              "severity": "HIGH",
              "description": "An attacker, opening a HTTP/2 connection with an initial window size of 0, was able to block handling of that connection indefinitely in Apache HTTP Server. This could be used to exhaust worker resour...",
              "published": "2023-10-23T07:15:11.243",
              "updated": "2025-02-13T17:17:13.110"
            },
            {
              "cve": "CVE-2023-45802",
              "cvss": 5.9,
              "severity": "MEDIUM",
              "description": "When a HTTP/2 stream was reset (RST frame) by a client, there was a time window were the request's memory resources were not reclaimed immediately. Instead, de-allocation was deferred to connection cl...",
              "published": "2023-10-23T07:15:11.330",
              "updated": "2025-08-25T02:09:55.670"
            },
            {
              "cve": "CVE-2023-38709",
              "cvss": 7.3,
              "severity": "HIGH",
              "description": "Faulty input validation in the core of Apache allows malicious or exploitable backend/content generators to split HTTP responses.\n\nThis issue affects Apache HTTP Server: through 2.4.58.",
              "published": "2024-04-04T20:15:08.047",
              "updated": "2025-11-04T22:15:53.457"
            }
          ]
        },
        {
          "port": "443",
          "protocol": "tcp",
          "service": "http",
          "version": "2.4.58",
          "vulns": [
            {
              "cve": "CVE-2023-43622",
              "cvss": 7.5,
              "severity": "HIGH",
              "description": "An attacker, opening a HTTP/2 connection with an initial window size of 0, was able to block handling of that connection indefinitely in Apache HTTP Server. This could be used to exhaust worker resour...",
              "published": "2023-10-23T07:15:11.243",
              "updated": "2025-02-13T17:17:13.110"
            },
            {
              "cve": "CVE-2023-45802",
              "cvss": 5.9,
              "severity": "MEDIUM",
              "description": "When a HTTP/2 stream was reset (RST frame) by a client, there was a time window were the request's memory resources were not reclaimed immediately. Instead, de-allocation was deferred to connection cl...",
              "published": "2023-10-23T07:15:11.330",
              "updated": "2025-08-25T02:09:55.670"
            },
            {
              "cve": "CVE-2023-38709",
              "cvss": 7.3,
              "severity": "HIGH",
              "description": "Faulty input validation in the core of Apache allows malicious or exploitable backend/content generators to split HTTP responses.\n\nThis issue affects Apache HTTP Server: through 2.4.58.",
              "published": "2024-04-04T20:15:08.047",
              "updated": "2025-11-04T22:15:53.457"
            }
          ]
        }
      ]
    },
    {
      "ip": "10.11.0.118",
      "ports": [
        {
          "port": "3306",
          "protocol": "tcp",
          "service": "mysql",
          "version": null,
          "vulns": [
            {
              "cve": "CVE-1999-1188",
              "cvss": 4.6,
              "severity": "MEDIUM",
              "description": "mysqld in MySQL 3.21 creates log files with world-readable permissions, which allows local users to obtain passwords for users who are added to the user database.",
              "published": "1998-12-27T05:00:00.000",
              "updated": "2025-04-03T01:03:51.193"
            },
            {
              "cve": "CVE-1999-0652",
              "cvss": null,
              "severity": null,
              "description": "Rejected reason: DO NOT USE THIS CANDIDATE NUMBER.  ConsultIDs: None.  Reason: this candidate is solely about a configuration that does not directly introduce security vulnerabilities, so it is more a...",
              "published": "1999-01-01T05:00:00.000",
              "updated": "2023-11-07T01:55:00.253"
            },
            {
              "cve": "CVE-2000-0045",
              "cvss": 6.4,
              "severity": "MEDIUM",
              "description": "MySQL allows local users to modify passwords for arbitrary MySQL users via the GRANT privilege.",
              "published": "2000-01-11T05:00:00.000",
              "updated": "2025-04-03T01:03:51.193"
            },
            {
              "cve": "CVE-2000-0148",
              "cvss": 7.5,
              "severity": "HIGH",
              "description": "MySQL 3.22 allows remote attackers to bypass password authentication and access a database via a short check string.",
              "published": "2000-02-08T05:00:00.000",
              "updated": "2025-04-03T01:03:51.193"
            },
            {
              "cve": "CVE-2000-0707",
              "cvss": 7.5,
              "severity": "HIGH",
              "description": "PCCS MySQLDatabase Admin Tool Manager 1.2.4 and earlier installs the file dbconnect.inc within the web root, which allows remote attackers to obtain sensitive information such as the administrative pa...",
              "published": "2000-10-20T04:00:00.000",
              "updated": "2025-04-03T01:03:51.193"
            }
          ]
        }
      ]
    },
    {
      "ip": "10.11.0.119",
      "ports": []
    },
    {
      "ip": "10.11.0.120",
      "ports": [
        {
          "port": "135",
          "protocol": "tcp",
          "service": "msrpc",
          "version": null,
          "vulns": [
            {
              "cve": "CVE-2002-1873",
              "cvss": 5.0,
              "severity": "MEDIUM",
              "description": "Microsoft Exchange 2000, when used with Microsoft Remote Procedure Call (MSRPC), allows remote attackers to cause a denial of service (crash or memory consumption) via malformed MSRPC calls.",
              "published": "2002-12-31T05:00:00.000",
              "updated": "2025-04-03T01:03:51.193"
            },
            {
              "cve": "CVE-2013-4688",
              "cvss": 7.8,
              "severity": "HIGH",
              "description": "flowd in Juniper Junos 10.4 before 10.4R11 on SRX devices, when the MSRPC Application Layer Gateway (ALG) is enabled, allows remote attackers to cause a denial of service (daemon crash) via crafted MS...",
              "published": "2013-07-11T14:55:01.403",
              "updated": "2025-04-11T00:51:21.963"
            }
          ]
        },
        {
          "port": "139",
          "protocol": "tcp",
          "service": "netbios-ssn",
          "version": null,
          "vulns": []
        },
        {
          "port": "445",
          "protocol": "tcp",
          "service": "microsoft-ds",
          "version": null,
          "vulns": [
            {
              "cve": "CVE-2002-0597",
              "cvss": 5.0,
              "severity": "MEDIUM",
              "description": "LANMAN service on Microsoft Windows 2000 allows remote attackers to cause a denial of service (CPU/memory exhaustion) via a stream of malformed data to microsoft-ds port 445.",
              "published": "2002-06-18T04:00:00.000",
              "updated": "2025-04-03T01:03:51.193"
            }
          ]
        },
        {
          "port": "3306",
          "protocol": "tcp",
          "service": "mysql",
          "version": null,
          "vulns": [
            {
              "cve": "CVE-1999-1188",
              "cvss": 4.6,
              "severity": "MEDIUM",
              "description": "mysqld in MySQL 3.21 creates log files with world-readable permissions, which allows local users to obtain passwords for users who are added to the user database.",
              "published": "1998-12-27T05:00:00.000",
              "updated": "2025-04-03T01:03:51.193"
            },
            {
              "cve": "CVE-1999-0652",
              "cvss": null,
              "severity": null,
              "description": "Rejected reason: DO NOT USE THIS CANDIDATE NUMBER.  ConsultIDs: None.  Reason: this candidate is solely about a configuration that does not directly introduce security vulnerabilities, so it is more a...",
              "published": "1999-01-01T05:00:00.000",
              "updated": "2023-11-07T01:55:00.253"
            },
            {
              "cve": "CVE-2000-0045",
              "cvss": 6.4,
              "severity": "MEDIUM",
              "description": "MySQL allows local users to modify passwords for arbitrary MySQL users via the GRANT privilege.",
              "published": "2000-01-11T05:00:00.000",
              "updated": "2025-04-03T01:03:51.193"
            },
            {
              "cve": "CVE-2000-0148",
              "cvss": 7.5,
              "severity": "HIGH",
              "description": "MySQL 3.22 allows remote attackers to bypass password authentication and access a database via a short check string.",
              "published": "2000-02-08T05:00:00.000",
              "updated": "2025-04-03T01:03:51.193"
            },
            {
              "cve": "CVE-2000-0707",
              "cvss": 7.5,
              "severity": "HIGH",
              "description": "PCCS MySQLDatabase Admin Tool Manager 1.2.4 and earlier installs the file dbconnect.inc within the web root, which allows remote attackers to obtain sensitive information such as the administrative pa...",
              "published": "2000-10-20T04:00:00.000",
              "updated": "2025-04-03T01:03:51.193"
            }
          ]
        }
      ]
    }
  ]
}