<?xml version="1.0" encoding="UTF-8"?>
<!DOCTYPE nmaprun>
<?xml-stylesheet href="file:///usr/bin/../share/nmap/nmap.xsl" type="text/xsl"?>
<!-- Nmap 7.95 scan initiated Tue Dec  2 13:01:32 2025 as: nmap -&#45;top-ports 50 -sS -sV -oX /opt/pi-scanner/results/20251202T120131Z/scan.xml 10.11.0.177-179 -->
<nmaprun scanner="nmap" args="nmap -&#45;top-ports 50 -sS -sV -oX /opt/pi-scanner/results/20251202T120131Z/scan.xml 10.11.0.177-179" start="1764676892" startstr="Tue Dec  2 13:01:32 2025" version="7.95" xmloutputversion="1.05">
<scaninfo type="syn" protocol="tcp" numservices="50" services="21-23,25-26,53,80-81,110-111,113,135,139,143,179,199,443,445,465,514-515,548,554,587,646,993,995,1025-1027,1433,1720,1723,2000-2001,3306,3389,5060,5666,5900,6001,8000,8008,8080,8443,8888,10000,32768,49152,49154"/>
<verbose level="0"/>
<debugging level="0"/>
<hosthint><status state="up" reason="arp-response" reason_ttl="0"/>
<address addr="10.11.0.179" addrtype="ipv4"/>
<address addr="BC:24:11:44:C0:D9" addrtype="mac" vendor="Proxmox Server Solutions GmbH"/>
<hostnames>
</hostnames>
</hosthint>
<host starttime="1764676894" endtime="1764676894"><status state="up" reason="arp-response" reason_ttl="0"/>
<address addr="10.11.0.179" addrtype="ipv4"/>
<address addr="BC:24:11:44:C0:D9" addrtype="mac" vendor="Proxmox Server Solutions GmbH"/>
<hostnames>
</hostnames>
<ports><extraports state="closed" count="49">
<extrareasons reason="reset" count="49" proto="tcp" ports="21,23,25-26,53,80-81,110-111,113,135,139,143,179,199,443,445,465,514-515,548,554,587,646,993,995,1025-1027,1433,1720,1723,2000-2001,3306,3389,5060,5666,5900,6001,8000,8008,8080,8443,8888,10000,32768,49152,49154"/>
</extraports>
<port protocol="tcp" portid="22"><state state="open" reason="syn-ack" reason_ttl="64"/><service name="ssh" product="OpenSSH" version="9.2p1 Debian 2+deb12u3" extrainfo="protocol 2.0" ostype="Linux" method="probed" conf="10"><cpe>cpe:/a:openbsd:openssh:9.2p1</cpe><cpe>cpe:/o:linux:linux_kernel</cpe></service></port>
</ports>
<times srtt="309" rttvar="81" to="100000"/>
</host>
<runstats><finished time="1764676894" timestr="Tue Dec  2 13:01:34 2025" summary="Nmap done at Tue Dec  2 13:01:34 2025; 3 IP addresses (1 host up) scanned in 2.78 seconds" elapsed="2.78" exit="success"/><hosts up="1" down="2" total="3"/>
</runstats>
</nmaprun>
