{
  "hosts": [
    {
      "ip": "10.11.0.100",
      "ports": [
        {
          "port": "135",
          "protocol": "tcp",
          "service": "msrpc",
          "version": null,
          "vulns": []
        },
        {
          "port": "139",
          "protocol": "tcp",
          "service": "netbios-ssn",
          "version": null,
          "vulns": []
        },
        {
          "port": "445",
          "protocol": "tcp",
          "service": "microsoft-ds",
          "version": null,
          "vulns": []
        }
      ]
    },
    {
      "ip": "10.11.0.101",
      "ports": [
        {
          "port": "135",
          "protocol": "tcp",
          "service": "msrpc",
          "version": null,
          "vulns": []
        },
        {
          "port": "139",
          "protocol": "tcp",
          "service": "netbios-ssn",
          "version": null,
          "vulns": []
        },
        {
          "port": "445",
          "protocol": "tcp",
          "service": "microsoft-ds",
          "version": null,
          "vulns": []
        }
      ]
    },
    {
      "ip": "10.11.0.102",
      "ports": [
        {
          "port": "135",
          "protocol": "tcp",
          "service": "msrpc",
          "version": null,
          "vulns": []
        },
        {
          "port": "139",
          "protocol": "tcp",
          "service": "netbios-ssn",
          "version": null,
          "vulns": []
        },
        {
          "port": "445",
          "protocol": "tcp",
          "service": "microsoft-ds",
          "version": null,
          "vulns": []
        },
        {
          "port": "3306",
          "protocol": "tcp",
          "service": "mysql",
          "version": null,
          "vulns": []
        }
      ]
    },
    {
      "ip": "10.11.0.103",
      "ports": [
        {
          "port": "80",
          "protocol": "tcp",
          "service": "http",
          "version": "10.0",
          "vulns": []
        },
        {
          "port": "135",
          "protocol": "tcp",
          "service": "msrpc",
          "version": null,
          "vulns": []
        },
        {
          "port": "139",
          "protocol": "tcp",
          "service": "netbios-ssn",
          "version": null,
          "vulns": []
        },
        {
          "port": "445",
          "protocol": "tcp",
          "service": "microsoft-ds",
          "version": null,
          "vulns": []
        }
      ]
    },
    {
      "ip": "10.11.0.104",
      "ports": []
    }
  ]
}