<?xml version="1.0" encoding="UTF-8"?>
<!DOCTYPE nmaprun>
<?xml-stylesheet href="file:///usr/bin/../share/nmap/nmap.xsl" type="text/xsl"?>
<!-- Nmap 7.95 scan initiated Tue Dec  2 12:37:58 2025 as: nmap -&#45;top-ports 50 -sS -sV -oX /opt/pi-scanner/results/20251202T113758Z/scan.xml 10.11.0.100-105 -->
<nmaprun scanner="nmap" args="nmap -&#45;top-ports 50 -sS -sV -oX /opt/pi-scanner/results/20251202T113758Z/scan.xml 10.11.0.100-105" start="1764675478" startstr="Tue Dec  2 12:37:58 2025" version="7.95" xmloutputversion="1.05">
<scaninfo type="syn" protocol="tcp" numservices="50" services="21-23,25-26,53,80-81,110-111,113,135,139,143,179,199,443,445,465,514-515,548,554,587,646,993,995,1025-1027,1433,1720,1723,2000-2001,3306,3389,5060,5666,5900,6001,8000,8008,8080,8443,8888,10000,32768,49152,49154"/>
<verbose level="0"/>
<debugging level="0"/>
<hosthint><status state="up" reason="arp-response" reason_ttl="0"/>
<address addr="10.11.0.101" addrtype="ipv4"/>
<address addr="8C:E9:EE:4C:04:F5" addrtype="mac" vendor="Intel Corporate"/>
<hostnames>
</hostnames>
</hosthint>
<hosthint><status state="up" reason="arp-response" reason_ttl="0"/>
<address addr="10.11.0.103" addrtype="ipv4"/>
<address addr="6C:2F:80:02:91:67" addrtype="mac" vendor="Intel Corporate"/>
<hostnames>
</hostnames>
</hosthint>
<hosthint><status state="up" reason="arp-response" reason_ttl="0"/>
<address addr="10.11.0.104" addrtype="ipv4"/>
<address addr="D2:5C:4F:6A:E0:F0" addrtype="mac"/>
<hostnames>
</hostnames>
</hosthint>
<hosthint><status state="up" reason="arp-response" reason_ttl="0"/>
<address addr="10.11.0.102" addrtype="ipv4"/>
<address addr="DC:97:BA:5D:1A:42" addrtype="mac" vendor="Intel Corporate"/>
<hostnames>
</hostnames>
</hosthint>
<hosthint><status state="up" reason="arp-response" reason_ttl="0"/>
<address addr="10.11.0.100" addrtype="ipv4"/>
<address addr="C4:3D:1A:E4:21:18" addrtype="mac" vendor="Intel Corporate"/>
<hostnames>
</hostnames>
</hosthint>
<host starttime="1764675482" endtime="1764675518"><status state="up" reason="arp-response" reason_ttl="0"/>
<address addr="10.11.0.100" addrtype="ipv4"/>
<address addr="C4:3D:1A:E4:21:18" addrtype="mac" vendor="Intel Corporate"/>
<hostnames>
</hostnames>
<ports><extraports state="filtered" count="47">
<extrareasons reason="no-response" count="47" proto="tcp" ports="21-23,25-26,53,80-81,110-111,113,143,179,199,443,465,514-515,548,554,587,646,993,995,1025-1027,1433,1720,1723,2000-2001,3306,3389,5060,5666,5900,6001,8000,8008,8080,8443,8888,10000,32768,49152,49154"/>
</extraports>
<port protocol="tcp" portid="135"><state state="open" reason="syn-ack" reason_ttl="128"/><service name="msrpc" product="Microsoft Windows RPC" ostype="Windows" method="probed" conf="10"><cpe>cpe:/o:microsoft:windows</cpe></service></port>
<port protocol="tcp" portid="139"><state state="open" reason="syn-ack" reason_ttl="128"/><service name="netbios-ssn" product="Microsoft Windows netbios-ssn" ostype="Windows" method="probed" conf="10"><cpe>cpe:/o:microsoft:windows</cpe></service></port>
<port protocol="tcp" portid="445"><state state="open" reason="syn-ack" reason_ttl="128"/><service name="microsoft-ds" method="table" conf="3"/></port>
</ports>
<times srtt="399687" rttvar="673405" to="3093307"/>
</host>
<host starttime="1764675482" endtime="1764675518"><status state="up" reason="arp-response" reason_ttl="0"/>
<address addr="10.11.0.101" addrtype="ipv4"/>
<address addr="8C:E9:EE:4C:04:F5" addrtype="mac" vendor="Intel Corporate"/>
<hostnames>
</hostnames>
<ports><extraports state="closed" count="47">
<extrareasons reason="reset" count="47" proto="tcp" ports="21-23,25-26,53,80-81,110-111,113,143,179,199,443,465,514-515,548,554,587,646,993,995,1025-1027,1433,1720,1723,2000-2001,3306,3389,5060,5666,5900,6001,8000,8008,8080,8443,8888,10000,32768,49152,49154"/>
</extraports>
<port protocol="tcp" portid="135"><state state="open" reason="syn-ack" reason_ttl="128"/><service name="msrpc" product="Microsoft Windows RPC" ostype="Windows" method="probed" conf="10"><cpe>cpe:/o:microsoft:windows</cpe></service></port>
<port protocol="tcp" portid="139"><state state="open" reason="syn-ack" reason_ttl="128"/><service name="netbios-ssn" product="Microsoft Windows netbios-ssn" ostype="Windows" method="probed" conf="10"><cpe>cpe:/o:microsoft:windows</cpe></service></port>
<port protocol="tcp" portid="445"><state state="open" reason="syn-ack" reason_ttl="128"/><service name="microsoft-ds" method="table" conf="3"/></port>
</ports>
<times srtt="4111" rttvar="506" to="100000"/>
</host>
<host starttime="1764675482" endtime="1764675518"><status state="up" reason="arp-response" reason_ttl="0"/>
<address addr="10.11.0.102" addrtype="ipv4"/>
<address addr="DC:97:BA:5D:1A:42" addrtype="mac" vendor="Intel Corporate"/>
<hostnames>
</hostnames>
<ports><extraports state="closed" count="46">
<extrareasons reason="reset" count="46" proto="tcp" ports="21-23,25-26,53,80-81,110-111,113,143,179,199,443,465,514-515,548,554,587,646,993,995,1025-1027,1433,1720,1723,2000-2001,3389,5060,5666,5900,6001,8000,8008,8080,8443,8888,10000,32768,49152,49154"/>
</extraports>
<port protocol="tcp" portid="135"><state state="open" reason="syn-ack" reason_ttl="128"/><service name="msrpc" product="Microsoft Windows RPC" ostype="Windows" method="probed" conf="10"><cpe>cpe:/o:microsoft:windows</cpe></service></port>
<port protocol="tcp" portid="139"><state state="open" reason="syn-ack" reason_ttl="128"/><service name="netbios-ssn" product="Microsoft Windows netbios-ssn" ostype="Windows" method="probed" conf="10"><cpe>cpe:/o:microsoft:windows</cpe></service></port>
<port protocol="tcp" portid="445"><state state="open" reason="syn-ack" reason_ttl="128"/><service name="microsoft-ds" method="table" conf="3"/></port>
<port protocol="tcp" portid="3306"><state state="open" reason="syn-ack" reason_ttl="128"/><service name="mysql" product="MySQL" extrainfo="unauthorized" method="probed" conf="10"><cpe>cpe:/a:mysql:mysql</cpe></service></port>
</ports>
<times srtt="4470" rttvar="2620" to="100000"/>
</host>
<host starttime="1764675482" endtime="1764675518"><status state="up" reason="arp-response" reason_ttl="0"/>
<address addr="10.11.0.103" addrtype="ipv4"/>
<address addr="6C:2F:80:02:91:67" addrtype="mac" vendor="Intel Corporate"/>
<hostnames>
</hostnames>
<ports><extraports state="filtered" count="46">
<extrareasons reason="no-response" count="46" proto="tcp" ports="21-23,25-26,53,81,110-111,113,143,179,199,443,465,514-515,548,554,587,646,993,995,1025-1027,1433,1720,1723,2000-2001,3306,3389,5060,5666,5900,6001,8000,8008,8080,8443,8888,10000,32768,49152,49154"/>
</extraports>
<port protocol="tcp" portid="80"><state state="open" reason="syn-ack" reason_ttl="128"/><service name="http" product="Microsoft IIS httpd" version="10.0" ostype="Windows" method="probed" conf="10"><cpe>cpe:/a:microsoft:internet_information_services:10.0</cpe><cpe>cpe:/o:microsoft:windows</cpe></service></port>
<port protocol="tcp" portid="135"><state state="open" reason="syn-ack" reason_ttl="128"/><service name="msrpc" product="Microsoft Windows RPC" ostype="Windows" method="probed" conf="10"><cpe>cpe:/o:microsoft:windows</cpe></service></port>
<port protocol="tcp" portid="139"><state state="open" reason="syn-ack" reason_ttl="128"/><service name="netbios-ssn" product="Microsoft Windows netbios-ssn" ostype="Windows" method="probed" conf="10"><cpe>cpe:/o:microsoft:windows</cpe></service></port>
<port protocol="tcp" portid="445"><state state="open" reason="syn-ack" reason_ttl="128"/><service name="microsoft-ds" method="table" conf="3"/></port>
</ports>
<times srtt="1934" rttvar="3467" to="100000"/>
</host>
<host starttime="1764675482" endtime="1764675484"><status state="up" reason="arp-response" reason_ttl="0"/>
<address addr="10.11.0.104" addrtype="ipv4"/>
<address addr="D2:5C:4F:6A:E0:F0" addrtype="mac"/>
<hostnames>
</hostnames>
<ports><extraports state="filtered" count="50">
<extrareasons reason="no-response" count="50" proto="tcp" ports="21-23,25-26,53,80-81,110-111,113,135,139,143,179,199,443,445,465,514-515,548,554,587,646,993,995,1025-1027,1433,1720,1723,2000-2001,3306,3389,5060,5666,5900,6001,8000,8008,8080,8443,8888,10000,32768,49152,49154"/>
</extraports>
</ports>
<times srtt="478" rttvar="5000" to="100000"/>
</host>
<runstats><finished time="1764675518" timestr="Tue Dec  2 12:38:38 2025" summary="Nmap done at Tue Dec  2 12:38:38 2025; 6 IP addresses (5 hosts up) scanned in 40.10 seconds" elapsed="40.10" exit="success"/><hosts up="5" down="1" total="6"/>
</runstats>
</nmaprun>
