<?xml version="1.0" encoding="UTF-8"?>
<!DOCTYPE nmaprun>
<?xml-stylesheet href="file:///usr/bin/../share/nmap/nmap.xsl" type="text/xsl"?>
<!-- Nmap 7.95 scan initiated Tue Dec  2 13:12:59 2025 as: nmap -&#45;top-ports 50 -sS -sV -oX /opt/pi-scanner/results/20251202T121259Z/scan.xml 10.11.0.10-20 -->
<nmaprun scanner="nmap" args="nmap -&#45;top-ports 50 -sS -sV -oX /opt/pi-scanner/results/20251202T121259Z/scan.xml 10.11.0.10-20" start="1764677579" startstr="Tue Dec  2 13:12:59 2025" version="7.95" xmloutputversion="1.05">
<scaninfo type="syn" protocol="tcp" numservices="50" services="21-23,25-26,53,80-81,110-111,113,135,139,143,179,199,443,445,465,514-515,548,554,587,646,993,995,1025-1027,1433,1720,1723,2000-2001,3306,3389,5060,5666,5900,6001,8000,8008,8080,8443,8888,10000,32768,49152,49154"/>
<verbose level="0"/>
<debugging level="0"/>
<hosthint><status state="up" reason="arp-response" reason_ttl="0"/>
<address addr="10.11.0.11" addrtype="ipv4"/>
<address addr="AC:22:0B:DC:D9:D0" addrtype="mac" vendor="ASUSTek Computer"/>
<hostnames>
</hostnames>
</hosthint>
<hosthint><status state="up" reason="arp-response" reason_ttl="0"/>
<address addr="10.11.0.12" addrtype="ipv4"/>
<address addr="AC:22:0B:DC:DA:2B" addrtype="mac" vendor="ASUSTek Computer"/>
<hostnames>
</hostnames>
</hosthint>
<hosthint><status state="up" reason="arp-response" reason_ttl="0"/>
<address addr="10.11.0.14" addrtype="ipv4"/>
<address addr="30:85:A9:3F:C5:21" addrtype="mac" vendor="ASUSTek Computer"/>
<hostnames>
</hostnames>
</hosthint>
<hosthint><status state="up" reason="arp-response" reason_ttl="0"/>
<address addr="10.11.0.15" addrtype="ipv4"/>
<address addr="BC:24:11:B8:24:56" addrtype="mac" vendor="Proxmox Server Solutions GmbH"/>
<hostnames>
</hostnames>
</hosthint>
<hosthint><status state="up" reason="arp-response" reason_ttl="0"/>
<address addr="10.11.0.16" addrtype="ipv4"/>
<address addr="BC:24:11:B7:4F:95" addrtype="mac" vendor="Proxmox Server Solutions GmbH"/>
<hostnames>
</hostnames>
</hosthint>
<hosthint><status state="up" reason="arp-response" reason_ttl="0"/>
<address addr="10.11.0.17" addrtype="ipv4"/>
<address addr="BC:24:11:40:EA:36" addrtype="mac" vendor="Proxmox Server Solutions GmbH"/>
<hostnames>
</hostnames>
</hosthint>
<hosthint><status state="up" reason="arp-response" reason_ttl="0"/>
<address addr="10.11.0.18" addrtype="ipv4"/>
<address addr="BC:24:11:4B:A4:5F" addrtype="mac" vendor="Proxmox Server Solutions GmbH"/>
<hostnames>
</hostnames>
</hosthint>
<host starttime="1764677581" endtime="1764677597"><status state="up" reason="arp-response" reason_ttl="0"/>
<address addr="10.11.0.11" addrtype="ipv4"/>
<address addr="AC:22:0B:DC:D9:D0" addrtype="mac" vendor="ASUSTek Computer"/>
<hostnames>
</hostnames>
<ports><extraports state="closed" count="48">
<extrareasons reason="reset" count="48" proto="tcp" ports="21,23,25-26,53,80-81,110,113,135,139,143,179,199,443,445,465,514-515,548,554,587,646,993,995,1025-1027,1433,1720,1723,2000-2001,3306,3389,5060,5666,5900,6001,8000,8008,8080,8443,8888,10000,32768,49152,49154"/>
</extraports>
<port protocol="tcp" portid="22"><state state="open" reason="syn-ack" reason_ttl="64"/><service name="ssh" product="OpenSSH" version="10.0p2 Debian 7" extrainfo="protocol 2.0" ostype="Linux" method="probed" conf="10"><cpe>cpe:/a:openbsd:openssh:10.0p2</cpe><cpe>cpe:/o:linux:linux_kernel</cpe></service></port>
<port protocol="tcp" portid="111"><state state="open" reason="syn-ack" reason_ttl="64"/><service name="rpcbind" version="2-4" extrainfo="RPC #100000" method="probed" conf="10"/></port>
</ports>
<times srtt="289" rttvar="15" to="100000"/>
</host>
<host starttime="1764677581" endtime="1764677597"><status state="up" reason="arp-response" reason_ttl="0"/>
<address addr="10.11.0.12" addrtype="ipv4"/>
<address addr="AC:22:0B:DC:DA:2B" addrtype="mac" vendor="ASUSTek Computer"/>
<hostnames>
</hostnames>
<ports><extraports state="closed" count="48">
<extrareasons reason="reset" count="48" proto="tcp" ports="21,23,25-26,53,80-81,110,113,135,139,143,179,199,443,445,465,514-515,548,554,587,646,993,995,1025-1027,1433,1720,1723,2000-2001,3306,3389,5060,5666,5900,6001,8000,8008,8080,8443,8888,10000,32768,49152,49154"/>
</extraports>
<port protocol="tcp" portid="22"><state state="open" reason="syn-ack" reason_ttl="64"/><service name="ssh" product="OpenSSH" version="10.0p2 Debian 7" extrainfo="protocol 2.0" ostype="Linux" method="probed" conf="10"><cpe>cpe:/a:openbsd:openssh:10.0p2</cpe><cpe>cpe:/o:linux:linux_kernel</cpe></service></port>
<port protocol="tcp" portid="111"><state state="open" reason="syn-ack" reason_ttl="64"/><service name="rpcbind" version="2-4" extrainfo="RPC #100000" method="probed" conf="10"/></port>
</ports>
<times srtt="295" rttvar="46" to="100000"/>
</host>
<host starttime="1764677581" endtime="1764677597"><status state="up" reason="arp-response" reason_ttl="0"/>
<address addr="10.11.0.14" addrtype="ipv4"/>
<address addr="30:85:A9:3F:C5:21" addrtype="mac" vendor="ASUSTek Computer"/>
<hostnames>
</hostnames>
<ports><extraports state="closed" count="48">
<extrareasons reason="reset" count="48" proto="tcp" ports="21,23,25-26,53,80-81,110,113,135,139,143,179,199,443,445,465,514-515,548,554,587,646,993,995,1025-1027,1433,1720,1723,2000-2001,3306,3389,5060,5666,5900,6001,8000,8008,8080,8443,8888,10000,32768,49152,49154"/>
</extraports>
<port protocol="tcp" portid="22"><state state="open" reason="syn-ack" reason_ttl="64"/><service name="ssh" product="OpenSSH" version="9.2p1 Debian 2+deb12u5" extrainfo="protocol 2.0" ostype="Linux" method="probed" conf="10"><cpe>cpe:/a:openbsd:openssh:9.2p1</cpe><cpe>cpe:/o:linux:linux_kernel</cpe></service></port>
<port protocol="tcp" portid="111"><state state="open" reason="syn-ack" reason_ttl="64"/><service name="rpcbind" version="2-4" extrainfo="RPC #100000" method="probed" conf="10"/></port>
</ports>
<times srtt="335" rttvar="46" to="100000"/>
</host>
<host starttime="1764677581" endtime="1764677597"><status state="up" reason="arp-response" reason_ttl="0"/>
<address addr="10.11.0.15" addrtype="ipv4"/>
<address addr="BC:24:11:B8:24:56" addrtype="mac" vendor="Proxmox Server Solutions GmbH"/>
<hostnames>
</hostnames>
<ports><extraports state="closed" count="48">
<extrareasons reason="reset" count="48" proto="tcp" ports="21,23,25-26,53,80-81,110-111,113,135,139,143,179,199,445,465,514-515,548,554,587,646,993,995,1025-1027,1433,1720,1723,2000-2001,3306,3389,5060,5666,5900,6001,8000,8008,8080,8443,8888,10000,32768,49152,49154"/>
</extraports>
<port protocol="tcp" portid="22"><state state="open" reason="syn-ack" reason_ttl="64"/><service name="ssh" product="OpenSSH" version="9.2p1 Debian 2+deb12u7" extrainfo="protocol 2.0" ostype="Linux" method="probed" conf="10"><cpe>cpe:/a:openbsd:openssh:9.2p1</cpe><cpe>cpe:/o:linux:linux_kernel</cpe></service></port>
<port protocol="tcp" portid="443"><state state="open" reason="syn-ack" reason_ttl="63"/><service name="http" product="Apache httpd" version="2.4.65" extrainfo="(Debian)" tunnel="ssl" method="probed" conf="10"><cpe>cpe:/a:apache:http_server:2.4.65</cpe></service></port>
</ports>
<times srtt="298" rttvar="38" to="100000"/>
</host>
<host starttime="1764677581" endtime="1764677597"><status state="up" reason="arp-response" reason_ttl="0"/>
<address addr="10.11.0.16" addrtype="ipv4"/>
<address addr="BC:24:11:B7:4F:95" addrtype="mac" vendor="Proxmox Server Solutions GmbH"/>
<hostnames>
</hostnames>
<ports><extraports state="closed" count="46">
<extrareasons reason="reset" count="46" proto="tcp" ports="21,23,25-26,53,81,110-111,113,135,139,143,179,199,445,465,514-515,548,554,587,646,993,995,1025-1027,1433,1720,1723,2000-2001,3389,5060,5666,5900,6001,8000,8008,8080,8443,8888,10000,32768,49152,49154"/>
</extraports>
<port protocol="tcp" portid="22"><state state="open" reason="syn-ack" reason_ttl="64"/><service name="ssh" product="OpenSSH" version="9.2p1 Debian 2+deb12u7" extrainfo="protocol 2.0" ostype="Linux" method="probed" conf="10"><cpe>cpe:/a:openbsd:openssh:9.2p1</cpe><cpe>cpe:/o:linux:linux_kernel</cpe></service></port>
<port protocol="tcp" portid="80"><state state="open" reason="syn-ack" reason_ttl="64"/><service name="http" product="Apache httpd" version="2.4.65" hostname="127.0.1.1" method="probed" conf="10"><cpe>cpe:/a:apache:http_server:2.4.65</cpe></service></port>
<port protocol="tcp" portid="443"><state state="open" reason="syn-ack" reason_ttl="64"/><service name="http" product="Apache httpd" version="2.4.65" extrainfo="(Debian)" tunnel="ssl" method="probed" conf="10"><cpe>cpe:/a:apache:http_server:2.4.65</cpe></service></port>
<port protocol="tcp" portid="3306"><state state="open" reason="syn-ack" reason_ttl="64"/><service name="mysql" product="MariaDB" version="5.5.5-10.11.14" method="probed" conf="10"><cpe>cpe:/a:mariadb:mariadb:5.5.5-10.11.14</cpe></service></port>
</ports>
<times srtt="373" rttvar="155" to="100000"/>
</host>
<host starttime="1764677581" endtime="1764677597"><status state="up" reason="arp-response" reason_ttl="0"/>
<address addr="10.11.0.17" addrtype="ipv4"/>
<address addr="BC:24:11:40:EA:36" addrtype="mac" vendor="Proxmox Server Solutions GmbH"/>
<hostnames>
</hostnames>
<ports><extraports state="closed" count="49">
<extrareasons reason="reset" count="49" proto="tcp" ports="21,23,25-26,53,80-81,110-111,113,135,139,143,179,199,443,445,465,514-515,548,554,587,646,993,995,1025-1027,1433,1720,1723,2000-2001,3306,3389,5060,5666,5900,6001,8000,8008,8080,8443,8888,10000,32768,49152,49154"/>
</extraports>
<port protocol="tcp" portid="22"><state state="open" reason="syn-ack" reason_ttl="64"/><service name="ssh" product="OpenSSH" version="9.2p1 Debian 2+deb12u3" extrainfo="protocol 2.0" ostype="Linux" method="probed" conf="10"><cpe>cpe:/a:openbsd:openssh:9.2p1</cpe><cpe>cpe:/o:linux:linux_kernel</cpe></service></port>
</ports>
<times srtt="297" rttvar="36" to="100000"/>
</host>
<host starttime="1764677581" endtime="1764677583"><status state="up" reason="arp-response" reason_ttl="0"/>
<address addr="10.11.0.18" addrtype="ipv4"/>
<address addr="BC:24:11:4B:A4:5F" addrtype="mac" vendor="Proxmox Server Solutions GmbH"/>
<hostnames>
</hostnames>
<ports><extraports state="filtered" count="50">
<extrareasons reason="no-response" count="50" proto="tcp" ports="21-23,25-26,53,80-81,110-111,113,135,139,143,179,199,443,445,465,514-515,548,554,587,646,993,995,1025-1027,1433,1720,1723,2000-2001,3306,3389,5060,5666,5900,6001,8000,8008,8080,8443,8888,10000,32768,49152,49154"/>
</extraports>
</ports>
<times srtt="836" rttvar="5000" to="100000"/>
</host>
<runstats><finished time="1764677597" timestr="Tue Dec  2 13:13:17 2025" summary="Nmap done at Tue Dec  2 13:13:17 2025; 11 IP addresses (7 hosts up) scanned in 18.07 seconds" elapsed="18.07" exit="success"/><hosts up="7" down="4" total="11"/>
</runstats>
</nmaprun>
