{
  "CVE-2021-26829": {
    "cve": "CVE-2021-26829",
    "description": "OpenPLC ScadaBR Cross-site Scripting Vulnerability",
    "cvss": 10.0,
    "severity": "critical",
    "published": "2025-11-28",
    "updated": "2025-11-28",
    "source": "KEV"
  },
  "CVE-2025-61757": {
    "cve": "CVE-2025-61757",
    "description": "Oracle Fusion Middleware Missing Authentication for Critical Function Vulnerability",
    "cvss": 10.0,
    "severity": "critical",
    "published": "2025-11-21",
    "updated": "2025-11-21",
    "source": "KEV"
  },
  "CVE-2025-13223": {
    "cve": "CVE-2025-13223",
    "description": "Google Chromium V8 Type Confusion Vulnerability",
    "cvss": 10.0,
    "severity": "critical",
    "published": "2025-11-19",
    "updated": "2025-11-19",
    "source": "KEV"
  },
  "CVE-2025-58034": {
    "cve": "CVE-2025-58034",
    "description": "Fortinet FortiWeb OS Command Injection Vulnerability",
    "cvss": 10.0,
    "severity": "critical",
    "published": "2025-11-18",
    "updated": "2025-11-18",
    "source": "KEV"
  },
  "CVE-2025-64446": {
    "cve": "CVE-2025-64446",
    "description": "Fortinet FortiWeb Path Traversal Vulnerability",
    "cvss": 10.0,
    "severity": "critical",
    "published": "2025-11-14",
    "updated": "2025-11-14",
    "source": "KEV"
  },
  "CVE-2025-12480": {
    "cve": "CVE-2025-12480",
    "description": "Gladinet Triofox Improper Access Control Vulnerability",
    "cvss": 10.0,
    "severity": "critical",
    "published": "2025-11-12",
    "updated": "2025-11-12",
    "source": "KEV"
  },
  "CVE-2025-62215": {
    "cve": "CVE-2025-62215",
    "description": "Microsoft Windows Race Condition Vulnerability",
    "cvss": 10.0,
    "severity": "critical",
    "published": "2025-11-12",
    "updated": "2025-11-12",
    "source": "KEV"
  },
  "CVE-2025-9242": {
    "cve": "CVE-2025-9242",
    "description": "WatchGuard Firebox Out-of-Bounds Write Vulnerability",
    "cvss": 10.0,
    "severity": "critical",
    "published": "2025-11-12",
    "updated": "2025-11-12",
    "source": "KEV"
  },
  "CVE-2025-21042": {
    "cve": "CVE-2025-21042",
    "description": "Samsung Mobile Devices Out-of-Bounds Write Vulnerability",
    "cvss": 10.0,
    "severity": "critical",
    "published": "2025-11-10",
    "updated": "2025-11-10",
    "source": "KEV"
  },
  "CVE-2025-48703": {
    "cve": "CVE-2025-48703",
    "description": "CWP Control Web Panel OS Command Injection Vulnerability",
    "cvss": 10.0,
    "severity": "critical",
    "published": "2025-11-04",
    "updated": "2025-11-04",
    "source": "KEV"
  },
  "CVE-2025-11371": {
    "cve": "CVE-2025-11371",
    "description": "Gladinet CentreStack and Triofox Files or Directories Accessible to External Parties Vulnerability",
    "cvss": 10.0,
    "severity": "critical",
    "published": "2025-11-04",
    "updated": "2025-11-04",
    "source": "KEV"
  },
  "CVE-2025-41244": {
    "cve": "CVE-2025-41244",
    "description": "Broadcom VMware Aria Operations and VMware Tools Privilege Defined with Unsafe Actions Vulnerability",
    "cvss": 10.0,
    "severity": "critical",
    "published": "2025-10-30",
    "updated": "2025-10-30",
    "source": "KEV"
  },
  "CVE-2025-24893": {
    "cve": "CVE-2025-24893",
    "description": "XWiki Platform Eval Injection Vulnerability",
    "cvss": 10.0,
    "severity": "critical",
    "published": "2025-10-30",
    "updated": "2025-10-30",
    "source": "KEV"
  },
  "CVE-2025-6204": {
    "cve": "CVE-2025-6204",
    "description": "Dassault Syst\u00e8mes DELMIA Apriso Code Injection Vulnerability",
    "cvss": 10.0,
    "severity": "critical",
    "published": "2025-10-28",
    "updated": "2025-10-28",
    "source": "KEV"
  },
  "CVE-2025-6205": {
    "cve": "CVE-2025-6205",
    "description": "Dassault Syst\u00e8mes DELMIA Apriso Missing Authorization Vulnerability",
    "cvss": 10.0,
    "severity": "critical",
    "published": "2025-10-28",
    "updated": "2025-10-28",
    "source": "KEV"
  },
  "CVE-2025-54236": {
    "cve": "CVE-2025-54236",
    "description": "Adobe Commerce and\u202fMagento Improper Input Validation Vulnerability",
    "cvss": 10.0,
    "severity": "critical",
    "published": "2025-10-24",
    "updated": "2025-10-24",
    "source": "KEV"
  },
  "CVE-2025-59287": {
    "cve": "CVE-2025-59287",
    "description": "Microsoft Windows Server Update Service (WSUS) Deserialization of Untrusted Data Vulnerability",
    "cvss": 10.0,
    "severity": "critical",
    "published": "2025-10-24",
    "updated": "2025-10-24",
    "source": "KEV"
  },
  "CVE-2025-61932": {
    "cve": "CVE-2025-61932",
    "description": "Motex LANSCOPE Endpoint Manager Improper Verification of Source of a Communication Channel Vulnerability",
    "cvss": 10.0,
    "severity": "critical",
    "published": "2025-10-22",
    "updated": "2025-10-22",
    "source": "KEV"
  },
  "CVE-2022-48503": {
    "cve": "CVE-2022-48503",
    "description": "Apple Multiple Products Unspecified Vulnerability",
    "cvss": 10.0,
    "severity": "critical",
    "published": "2025-10-20",
    "updated": "2025-10-20",
    "source": "KEV"
  },
  "CVE-2025-2746": {
    "cve": "CVE-2025-2746",
    "description": "Kentico Xperience CMS Authentication Bypass Using an Alternate Path or Channel Vulnerability",
    "cvss": 10.0,
    "severity": "critical",
    "published": "2025-10-20",
    "updated": "2025-10-20",
    "source": "KEV"
  },
  "CVE-2025-2747": {
    "cve": "CVE-2025-2747",
    "description": "Kentico Xperience CMS Authentication Bypass Using an Alternate Path or Channel Vulnerability",
    "cvss": 10.0,
    "severity": "critical",
    "published": "2025-10-20",
    "updated": "2025-10-20",
    "source": "KEV"
  },
  "CVE-2025-33073": {
    "cve": "CVE-2025-33073",
    "description": "Microsoft Windows SMB Client Improper Access Control Vulnerability",
    "cvss": 10.0,
    "severity": "critical",
    "published": "2025-10-20",
    "updated": "2025-10-20",
    "source": "KEV"
  },
  "CVE-2025-61884": {
    "cve": "CVE-2025-61884",
    "description": "Oracle E-Business Suite Server-Side Request Forgery (SSRF) Vulnerability",
    "cvss": 10.0,
    "severity": "critical",
    "published": "2025-10-20",
    "updated": "2025-10-20",
    "source": "KEV"
  },
  "CVE-2025-54253": {
    "cve": "CVE-2025-54253",
    "description": "Adobe Experience Manager Forms Code Execution Vulnerability",
    "cvss": 10.0,
    "severity": "critical",
    "published": "2025-10-15",
    "updated": "2025-10-15",
    "source": "KEV"
  },
  "CVE-2025-47827": {
    "cve": "CVE-2025-47827",
    "description": "IGEL OS Use of a Key Past its Expiration Date Vulnerability",
    "cvss": 10.0,
    "severity": "critical",
    "published": "2025-10-14",
    "updated": "2025-10-14",
    "source": "KEV"
  },
  "CVE-2025-24990": {
    "cve": "CVE-2025-24990",
    "description": "Microsoft Windows Untrusted Pointer Dereference Vulnerability",
    "cvss": 10.0,
    "severity": "critical",
    "published": "2025-10-14",
    "updated": "2025-10-14",
    "source": "KEV"
  },
  "CVE-2025-59230": {
    "cve": "CVE-2025-59230",
    "description": "Microsoft Windows Improper Access Control Vulnerability",
    "cvss": 10.0,
    "severity": "critical",
    "published": "2025-10-14",
    "updated": "2025-10-14",
    "source": "KEV"
  },
  "CVE-2016-7836": {
    "cve": "CVE-2016-7836",
    "description": "SKYSEA Client View Improper Authentication Vulnerability",
    "cvss": 10.0,
    "severity": "critical",
    "published": "2025-10-14",
    "updated": "2025-10-14",
    "source": "KEV"
  },
  "CVE-2021-43798": {
    "cve": "CVE-2021-43798",
    "description": "Grafana Path Traversal Vulnerability",
    "cvss": 10.0,
    "severity": "critical",
    "published": "2025-10-09",
    "updated": "2025-10-09",
    "source": "KEV"
  },
  "CVE-2025-27915": {
    "cve": "CVE-2025-27915",
    "description": "Synacor Zimbra Collaboration Suite (ZCS) Cross-site Scripting Vulnerability",
    "cvss": 10.0,
    "severity": "critical",
    "published": "2025-10-07",
    "updated": "2025-10-07",
    "source": "KEV"
  },
  "CVE-2021-22555": {
    "cve": "CVE-2021-22555",
    "description": "Linux Kernel Heap Out-of-Bounds Write Vulnerability",
    "cvss": 10.0,
    "severity": "critical",
    "published": "2025-10-06",
    "updated": "2025-10-06",
    "source": "KEV"
  },
  "CVE-2010-3962": {
    "cve": "CVE-2010-3962",
    "description": "Microsoft Internet Explorer Uninitialized Memory Corruption Vulnerability",
    "cvss": 10.0,
    "severity": "critical",
    "published": "2025-10-06",
    "updated": "2025-10-06",
    "source": "KEV"
  },
  "CVE-2021-43226": {
    "cve": "CVE-2021-43226",
    "description": "Microsoft Windows Privilege Escalation Vulnerability",
    "cvss": 10.0,
    "severity": "critical",
    "published": "2025-10-06",
    "updated": "2025-10-06",
    "source": "KEV"
  },
  "CVE-2013-3918": {
    "cve": "CVE-2013-3918",
    "description": "Microsoft Windows Out-of-Bounds Write Vulnerability",
    "cvss": 10.0,
    "severity": "critical",
    "published": "2025-10-06",
    "updated": "2025-10-06",
    "source": "KEV"
  },
  "CVE-2011-3402": {
    "cve": "CVE-2011-3402",
    "description": "Microsoft Windows Remote Code Execution Vulnerability",
    "cvss": 10.0,
    "severity": "critical",
    "published": "2025-10-06",
    "updated": "2025-10-06",
    "source": "KEV"
  },
  "CVE-2010-3765": {
    "cve": "CVE-2010-3765",
    "description": "Mozilla Multiple Products Remote Code Execution Vulnerability",
    "cvss": 10.0,
    "severity": "critical",
    "published": "2025-10-06",
    "updated": "2025-10-06",
    "source": "KEV"
  },
  "CVE-2025-61882": {
    "cve": "CVE-2025-61882",
    "description": "Oracle E-Business Suite Unspecified Vulnerability",
    "cvss": 10.0,
    "severity": "critical",
    "published": "2025-10-06",
    "updated": "2025-10-06",
    "source": "KEV"
  },
  "CVE-2014-6278": {
    "cve": "CVE-2014-6278",
    "description": "GNU Bash OS Command Injection Vulnerability",
    "cvss": 10.0,
    "severity": "critical",
    "published": "2025-10-02",
    "updated": "2025-10-02",
    "source": "KEV"
  },
  "CVE-2017-1000353": {
    "cve": "CVE-2017-1000353",
    "description": "Jenkins Remote Code Execution Vulnerability",
    "cvss": 10.0,
    "severity": "critical",
    "published": "2025-10-02",
    "updated": "2025-10-02",
    "source": "KEV"
  },
  "CVE-2015-7755": {
    "cve": "CVE-2015-7755",
    "description": "Juniper ScreenOS Improper Authentication Vulnerability",
    "cvss": 10.0,
    "severity": "critical",
    "published": "2025-10-02",
    "updated": "2025-10-02",
    "source": "KEV"
  },
  "CVE-2025-21043": {
    "cve": "CVE-2025-21043",
    "description": "Samsung Mobile Devices Out-of-Bounds Write Vulnerability",
    "cvss": 10.0,
    "severity": "critical",
    "published": "2025-10-02",
    "updated": "2025-10-02",
    "source": "KEV"
  },
  "CVE-2025-4008": {
    "cve": "CVE-2025-4008",
    "description": "Smartbedded Meteobridge Command Injection Vulnerability",
    "cvss": 10.0,
    "severity": "critical",
    "published": "2025-10-02",
    "updated": "2025-10-02",
    "source": "KEV"
  },
  "CVE-2025-32463": {
    "cve": "CVE-2025-32463",
    "description": "Sudo Inclusion of Functionality from Untrusted Control Sphere Vulnerability",
    "cvss": 10.0,
    "severity": "critical",
    "published": "2025-09-29",
    "updated": "2025-09-29",
    "source": "KEV"
  },
  "CVE-2025-59689": {
    "cve": "CVE-2025-59689",
    "description": "Libraesva Email Security Gateway Command Injection Vulnerability",
    "cvss": 10.0,
    "severity": "critical",
    "published": "2025-09-29",
    "updated": "2025-09-29",
    "source": "KEV"
  },
  "CVE-2025-10035": {
    "cve": "CVE-2025-10035",
    "description": "Fortra GoAnywhere MFT Deserialization of Untrusted Data Vulnerability",
    "cvss": 10.0,
    "severity": "critical",
    "published": "2025-09-29",
    "updated": "2025-09-29",
    "source": "KEV"
  },
  "CVE-2025-20352": {
    "cve": "CVE-2025-20352",
    "description": "Cisco IOS and IOS XE Software SNMP Denial of Service and Remote Code Execution Vulnerability",
    "cvss": 10.0,
    "severity": "critical",
    "published": "2025-09-29",
    "updated": "2025-09-29",
    "source": "KEV"
  },
  "CVE-2021-21311": {
    "cve": "CVE-2021-21311",
    "description": "Adminer Server-Side Request Forgery Vulnerability",
    "cvss": 10.0,
    "severity": "critical",
    "published": "2025-09-29",
    "updated": "2025-09-29",
    "source": "KEV"
  },
  "CVE-2025-20362": {
    "cve": "CVE-2025-20362",
    "description": "Cisco Secure Firewall Adaptive Security (ASA) Appliance and Secure Firewall Threat Defense (FTD) Missing Authorization Vulnerability",
    "cvss": 10.0,
    "severity": "critical",
    "published": "2025-09-25",
    "updated": "2025-09-25",
    "source": "KEV"
  },
  "CVE-2025-20333": {
    "cve": "CVE-2025-20333",
    "description": "Cisco Secure Firewall Adaptive Security Appliance (ASA) and Secure Firewall Threat Defense (FTD) Buffer Overflow Vulnerability",
    "cvss": 10.0,
    "severity": "critical",
    "published": "2025-09-25",
    "updated": "2025-09-25",
    "source": "KEV"
  },
  "CVE-2025-10585": {
    "cve": "CVE-2025-10585",
    "description": "Google Chromium V8 Type Confusion Vulnerability",
    "cvss": 10.0,
    "severity": "critical",
    "published": "2025-09-23",
    "updated": "2025-09-23",
    "source": "KEV"
  },
  "CVE-2025-5086": {
    "cve": "CVE-2025-5086",
    "description": "Dassault Syst\u00e8mes DELMIA Apriso Deserialization of Untrusted Data Vulnerability",
    "cvss": 10.0,
    "severity": "critical",
    "published": "2025-09-11",
    "updated": "2025-09-11",
    "source": "KEV"
  },
  "CVE-2025-38352": {
    "cve": "CVE-2025-38352",
    "description": "Linux Kernel Time-of-Check Time-of-Use (TOCTOU) Race Condition Vulnerability",
    "cvss": 10.0,
    "severity": "critical",
    "published": "2025-09-04",
    "updated": "2025-09-04",
    "source": "KEV"
  },
  "CVE-2025-48543": {
    "cve": "CVE-2025-48543",
    "description": "Android Runtime Use-After-Free Vulnerability",
    "cvss": 10.0,
    "severity": "critical",
    "published": "2025-09-04",
    "updated": "2025-09-04",
    "source": "KEV"
  },
  "CVE-2025-53690": {
    "cve": "CVE-2025-53690",
    "description": "Sitecore Multiple Products Deserialization of Untrusted Data Vulnerability",
    "cvss": 10.0,
    "severity": "critical",
    "published": "2025-09-04",
    "updated": "2025-09-04",
    "source": "KEV"
  },
  "CVE-2023-50224": {
    "cve": "CVE-2023-50224",
    "description": "TP-Link TL-WR841N Authentication Bypass by Spoofing Vulnerability",
    "cvss": 10.0,
    "severity": "critical",
    "published": "2025-09-03",
    "updated": "2025-09-03",
    "source": "KEV"
  },
  "CVE-2025-9377": {
    "cve": "CVE-2025-9377",
    "description": "TP-Link Archer C7(EU) and TL-WR841N/ND(MS) OS Command Injection Vulnerability",
    "cvss": 10.0,
    "severity": "critical",
    "published": "2025-09-03",
    "updated": "2025-09-03",
    "source": "KEV"
  },
  "CVE-2020-24363": {
    "cve": "CVE-2020-24363",
    "description": "TP-link TL-WA855RE Missing Authentication for Critical Function Vulnerability",
    "cvss": 10.0,
    "severity": "critical",
    "published": "2025-09-02",
    "updated": "2025-09-02",
    "source": "KEV"
  },
  "CVE-2025-55177": {
    "cve": "CVE-2025-55177",
    "description": "Meta Platforms WhatsApp Incorrect Authorization Vulnerability",
    "cvss": 10.0,
    "severity": "critical",
    "published": "2025-09-02",
    "updated": "2025-09-02",
    "source": "KEV"
  },
  "CVE-2025-57819": {
    "cve": "CVE-2025-57819",
    "description": "Sangoma FreePBX Authentication Bypass Vulnerability",
    "cvss": 10.0,
    "severity": "critical",
    "published": "2025-08-29",
    "updated": "2025-08-29",
    "source": "KEV"
  },
  "CVE-2025-7775": {
    "cve": "CVE-2025-7775",
    "description": "Citrix NetScaler Memory Overflow Vulnerability",
    "cvss": 10.0,
    "severity": "critical",
    "published": "2025-08-26",
    "updated": "2025-08-26",
    "source": "KEV"
  },
  "CVE-2025-48384": {
    "cve": "CVE-2025-48384",
    "description": "Git Link Following Vulnerability",
    "cvss": 10.0,
    "severity": "critical",
    "published": "2025-08-25",
    "updated": "2025-08-25",
    "source": "KEV"
  },
  "CVE-2024-8068": {
    "cve": "CVE-2024-8068",
    "description": "Citrix Session Recording Improper Privilege Management Vulnerability",
    "cvss": 10.0,
    "severity": "critical",
    "published": "2025-08-25",
    "updated": "2025-08-25",
    "source": "KEV"
  },
  "CVE-2024-8069": {
    "cve": "CVE-2024-8069",
    "description": "Citrix Session Recording Deserialization of Untrusted Data Vulnerability",
    "cvss": 10.0,
    "severity": "critical",
    "published": "2025-08-25",
    "updated": "2025-08-25",
    "source": "KEV"
  },
  "CVE-2025-43300": {
    "cve": "CVE-2025-43300",
    "description": "Apple iOS, iPadOS, and macOS Out-of-Bounds Write Vulnerability",
    "cvss": 10.0,
    "severity": "critical",
    "published": "2025-08-21",
    "updated": "2025-08-21",
    "source": "KEV"
  },
  "CVE-2025-54948": {
    "cve": "CVE-2025-54948",
    "description": "Trend Micro Apex One OS Command Injection Vulnerability",
    "cvss": 10.0,
    "severity": "critical",
    "published": "2025-08-18",
    "updated": "2025-08-18",
    "source": "KEV"
  },
  "CVE-2025-8876": {
    "cve": "CVE-2025-8876",
    "description": "N-able N-Central Command Injection Vulnerability",
    "cvss": 10.0,
    "severity": "critical",
    "published": "2025-08-13",
    "updated": "2025-08-13",
    "source": "KEV"
  },
  "CVE-2025-8875": {
    "cve": "CVE-2025-8875",
    "description": "N-able N-Central Insecure Deserialization Vulnerability",
    "cvss": 10.0,
    "severity": "critical",
    "published": "2025-08-13",
    "updated": "2025-08-13",
    "source": "KEV"
  },
  "CVE-2025-8088": {
    "cve": "CVE-2025-8088",
    "description": "RARLAB WinRAR Path Traversal Vulnerability",
    "cvss": 10.0,
    "severity": "critical",
    "published": "2025-08-12",
    "updated": "2025-08-12",
    "source": "KEV"
  },
  "CVE-2007-0671": {
    "cve": "CVE-2007-0671",
    "description": "Microsoft Office Excel Remote Code Execution Vulnerability",
    "cvss": 10.0,
    "severity": "critical",
    "published": "2025-08-12",
    "updated": "2025-08-12",
    "source": "KEV"
  },
  "CVE-2013-3893": {
    "cve": "CVE-2013-3893",
    "description": "Microsoft Internet Explorer Resource Management Errors Vulnerability",
    "cvss": 10.0,
    "severity": "critical",
    "published": "2025-08-12",
    "updated": "2025-08-12",
    "source": "KEV"
  },
  "CVE-2020-25078": {
    "cve": "CVE-2020-25078",
    "description": "D-Link DCS-2530L and DCS-2670L Devices Unspecified Vulnerability",
    "cvss": 10.0,
    "severity": "critical",
    "published": "2025-08-05",
    "updated": "2025-08-05",
    "source": "KEV"
  },
  "CVE-2020-25079": {
    "cve": "CVE-2020-25079",
    "description": "D-Link DCS-2530L and DCS-2670L Command Injection Vulnerability",
    "cvss": 10.0,
    "severity": "critical",
    "published": "2025-08-05",
    "updated": "2025-08-05",
    "source": "KEV"
  },
  "CVE-2022-40799": {
    "cve": "CVE-2022-40799",
    "description": "D-Link DNR-322L Download of Code Without Integrity Check Vulnerability",
    "cvss": 10.0,
    "severity": "critical",
    "published": "2025-08-05",
    "updated": "2025-08-05",
    "source": "KEV"
  },
  "CVE-2023-2533": {
    "cve": "CVE-2023-2533",
    "description": "PaperCut NG/MF Cross-Site Request Forgery (CSRF) Vulnerability",
    "cvss": 10.0,
    "severity": "critical",
    "published": "2025-07-28",
    "updated": "2025-07-28",
    "source": "KEV"
  },
  "CVE-2025-20337": {
    "cve": "CVE-2025-20337",
    "description": "Cisco Identity Services Engine Injection Vulnerability",
    "cvss": 10.0,
    "severity": "critical",
    "published": "2025-07-28",
    "updated": "2025-07-28",
    "source": "KEV"
  },
  "CVE-2025-20281": {
    "cve": "CVE-2025-20281",
    "description": "Cisco Identity Services Engine Injection Vulnerability",
    "cvss": 10.0,
    "severity": "critical",
    "published": "2025-07-28",
    "updated": "2025-07-28",
    "source": "KEV"
  },
  "CVE-2025-2775": {
    "cve": "CVE-2025-2775",
    "description": "SysAid On-Prem Improper Restriction of XML External Entity Reference Vulnerability",
    "cvss": 10.0,
    "severity": "critical",
    "published": "2025-07-22",
    "updated": "2025-07-22",
    "source": "KEV"
  },
  "CVE-2025-2776": {
    "cve": "CVE-2025-2776",
    "description": "SysAid On-Prem Improper Restriction of XML External Entity Reference Vulnerability",
    "cvss": 10.0,
    "severity": "critical",
    "published": "2025-07-22",
    "updated": "2025-07-22",
    "source": "KEV"
  },
  "CVE-2025-6558": {
    "cve": "CVE-2025-6558",
    "description": "Google Chromium ANGLE and GPU Improper Input Validation Vulnerability",
    "cvss": 10.0,
    "severity": "critical",
    "published": "2025-07-22",
    "updated": "2025-07-22",
    "source": "KEV"
  },
  "CVE-2025-54309": {
    "cve": "CVE-2025-54309",
    "description": " CrushFTP Unprotected Alternate Channel Vulnerability",
    "cvss": 10.0,
    "severity": "critical",
    "published": "2025-07-22",
    "updated": "2025-07-22",
    "source": "KEV"
  },
  "CVE-2025-49704": {
    "cve": "CVE-2025-49704",
    "description": "Microsoft SharePoint Code Injection Vulnerability",
    "cvss": 10.0,
    "severity": "critical",
    "published": "2025-07-22",
    "updated": "2025-07-22",
    "source": "KEV"
  },
  "CVE-2025-49706": {
    "cve": "CVE-2025-49706",
    "description": "Microsoft SharePoint Improper Authentication Vulnerability",
    "cvss": 10.0,
    "severity": "critical",
    "published": "2025-07-22",
    "updated": "2025-07-22",
    "source": "KEV"
  },
  "CVE-2025-53770": {
    "cve": "CVE-2025-53770",
    "description": "Microsoft SharePoint Deserialization of Untrusted Data Vulnerability",
    "cvss": 10.0,
    "severity": "critical",
    "published": "2025-07-20",
    "updated": "2025-07-20",
    "source": "KEV"
  },
  "CVE-2025-25257": {
    "cve": "CVE-2025-25257",
    "description": "Fortinet FortiWeb SQL Injection Vulnerability",
    "cvss": 10.0,
    "severity": "critical",
    "published": "2025-07-18",
    "updated": "2025-07-18",
    "source": "KEV"
  },
  "CVE-2025-47812": {
    "cve": "CVE-2025-47812",
    "description": "Wing FTP Server Improper Neutralization of Null Byte or NUL Character Vulnerability",
    "cvss": 10.0,
    "severity": "critical",
    "published": "2025-07-14",
    "updated": "2025-07-14",
    "source": "KEV"
  },
  "CVE-2025-5777": {
    "cve": "CVE-2025-5777",
    "description": "Citrix NetScaler ADC and Gateway Out-of-Bounds Read Vulnerability",
    "cvss": 10.0,
    "severity": "critical",
    "published": "2025-07-10",
    "updated": "2025-07-10",
    "source": "KEV"
  },
  "CVE-2019-9621": {
    "cve": "CVE-2019-9621",
    "description": "Synacor Zimbra Collaboration Suite (ZCS) Server-Side Request Forgery (SSRF) Vulnerability",
    "cvss": 10.0,
    "severity": "critical",
    "published": "2025-07-07",
    "updated": "2025-07-07",
    "source": "KEV"
  },
  "CVE-2019-5418": {
    "cve": "CVE-2019-5418",
    "description": "Rails Ruby on Rails Path Traversal Vulnerability",
    "cvss": 10.0,
    "severity": "critical",
    "published": "2025-07-07",
    "updated": "2025-07-07",
    "source": "KEV"
  },
  "CVE-2016-10033": {
    "cve": "CVE-2016-10033",
    "description": "PHPMailer Command Injection Vulnerability",
    "cvss": 10.0,
    "severity": "critical",
    "published": "2025-07-07",
    "updated": "2025-07-07",
    "source": "KEV"
  },
  "CVE-2014-3931": {
    "cve": "CVE-2014-3931",
    "description": "Multi-Router Looking Glass (MRLG) Buffer Overflow Vulnerability",
    "cvss": 10.0,
    "severity": "critical",
    "published": "2025-07-07",
    "updated": "2025-07-07",
    "source": "KEV"
  },
  "CVE-2025-6554": {
    "cve": "CVE-2025-6554",
    "description": "Google Chromium V8 Type Confusion Vulnerability",
    "cvss": 10.0,
    "severity": "critical",
    "published": "2025-07-02",
    "updated": "2025-07-02",
    "source": "KEV"
  },
  "CVE-2025-48928": {
    "cve": "CVE-2025-48928",
    "description": "TeleMessage TM SGNL Exposure of Core Dump File to an Unauthorized Control Sphere Vulnerability",
    "cvss": 10.0,
    "severity": "critical",
    "published": "2025-07-01",
    "updated": "2025-07-01",
    "source": "KEV"
  },
  "CVE-2025-48927": {
    "cve": "CVE-2025-48927",
    "description": "TeleMessage TM SGNL Initialization of a Resource with an Insecure Default Vulnerability",
    "cvss": 10.0,
    "severity": "critical",
    "published": "2025-07-01",
    "updated": "2025-07-01",
    "source": "KEV"
  },
  "CVE-2025-6543": {
    "cve": "CVE-2025-6543",
    "description": "Citrix NetScaler ADC and Gateway Buffer Overflow Vulnerability",
    "cvss": 10.0,
    "severity": "critical",
    "published": "2025-06-30",
    "updated": "2025-06-30",
    "source": "KEV"
  },
  "CVE-2019-6693": {
    "cve": "CVE-2019-6693",
    "description": "Fortinet FortiOS Use of Hard-Coded Credentials Vulnerability",
    "cvss": 10.0,
    "severity": "critical",
    "published": "2025-06-25",
    "updated": "2025-06-25",
    "source": "KEV"
  },
  "CVE-2024-0769": {
    "cve": "CVE-2024-0769",
    "description": " D-Link DIR-859 Router Path Traversal Vulnerability",
    "cvss": 10.0,
    "severity": "critical",
    "published": "2025-06-25",
    "updated": "2025-06-25",
    "source": "KEV"
  },
  "CVE-2024-54085": {
    "cve": "CVE-2024-54085",
    "description": "AMI MegaRAC SPx Authentication Bypass by Spoofing Vulnerability",
    "cvss": 10.0,
    "severity": "critical",
    "published": "2025-06-25",
    "updated": "2025-06-25",
    "source": "KEV"
  },
  "CVE-2023-0386": {
    "cve": "CVE-2023-0386",
    "description": "Linux Kernel Improper Ownership Management Vulnerability",
    "cvss": 10.0,
    "severity": "critical",
    "published": "2025-06-17",
    "updated": "2025-06-17",
    "source": "KEV"
  },
  "CVE-2023-33538": {
    "cve": "CVE-2023-33538",
    "description": "TP-Link Multiple Routers Command Injection Vulnerability",
    "cvss": 10.0,
    "severity": "critical",
    "published": "2025-06-16",
    "updated": "2025-06-16",
    "source": "KEV"
  },
  "CVE-2025-43200": {
    "cve": "CVE-2025-43200",
    "description": "Apple Multiple Products Unspecified Vulnerability",
    "cvss": 10.0,
    "severity": "critical",
    "published": "2025-06-16",
    "updated": "2025-06-16",
    "source": "KEV"
  },
  "CVE-2025-33053": {
    "cve": "CVE-2025-33053",
    "description": " Microsoft Windows External Control of File Name or Path Vulnerability",
    "cvss": 10.0,
    "severity": "critical",
    "published": "2025-06-10",
    "updated": "2025-06-10",
    "source": "KEV"
  },
  "CVE-2025-24016": {
    "cve": "CVE-2025-24016",
    "description": "Wazuh Server Deserialization of Untrusted Data Vulnerability",
    "cvss": 10.0,
    "severity": "critical",
    "published": "2025-06-10",
    "updated": "2025-06-10",
    "source": "KEV"
  },
  "CVE-2024-42009": {
    "cve": "CVE-2024-42009",
    "description": "RoundCube Webmail Cross-Site Scripting Vulnerability",
    "cvss": 10.0,
    "severity": "critical",
    "published": "2025-06-09",
    "updated": "2025-06-09",
    "source": "KEV"
  },
  "CVE-2025-32433": {
    "cve": "CVE-2025-32433",
    "description": "Erlang Erlang/OTP SSH Server Missing Authentication for Critical Function Vulnerability",
    "cvss": 10.0,
    "severity": "critical",
    "published": "2025-06-09",
    "updated": "2025-06-09",
    "source": "KEV"
  },
  "CVE-2025-5419": {
    "cve": "CVE-2025-5419",
    "description": "Google Chromium V8 Out-of-Bounds Read and Write Vulnerability",
    "cvss": 10.0,
    "severity": "critical",
    "published": "2025-06-05",
    "updated": "2025-06-05",
    "source": "KEV"
  },
  "CVE-2025-21479": {
    "cve": "CVE-2025-21479",
    "description": "Qualcomm Multiple Chipsets Incorrect Authorization Vulnerability",
    "cvss": 10.0,
    "severity": "critical",
    "published": "2025-06-03",
    "updated": "2025-06-03",
    "source": "KEV"
  },
  "CVE-2025-21480": {
    "cve": "CVE-2025-21480",
    "description": "Qualcomm Multiple Chipsets Incorrect Authorization Vulnerability",
    "cvss": 10.0,
    "severity": "critical",
    "published": "2025-06-03",
    "updated": "2025-06-03",
    "source": "KEV"
  },
  "CVE-2025-27038": {
    "cve": "CVE-2025-27038",
    "description": "Qualcomm Multiple Chipsets Use-After-Free Vulnerability",
    "cvss": 10.0,
    "severity": "critical",
    "published": "2025-06-03",
    "updated": "2025-06-03",
    "source": "KEV"
  },
  "CVE-2021-32030": {
    "cve": "CVE-2021-32030",
    "description": "ASUS Routers Improper Authentication Vulnerability",
    "cvss": 10.0,
    "severity": "critical",
    "published": "2025-06-02",
    "updated": "2025-06-02",
    "source": "KEV"
  },
  "CVE-2025-3935": {
    "cve": "CVE-2025-3935",
    "description": "ConnectWise ScreenConnect Improper Authentication Vulnerability",
    "cvss": 10.0,
    "severity": "critical",
    "published": "2025-06-02",
    "updated": "2025-06-02",
    "source": "KEV"
  },
  "CVE-2025-35939": {
    "cve": "CVE-2025-35939",
    "description": "Craft CMS External Control of Assumed-Immutable Web Parameter Vulnerability",
    "cvss": 10.0,
    "severity": "critical",
    "published": "2025-06-02",
    "updated": "2025-06-02",
    "source": "KEV"
  },
  "CVE-2024-56145": {
    "cve": "CVE-2024-56145",
    "description": "Craft CMS Code Injection Vulnerability",
    "cvss": 10.0,
    "severity": "critical",
    "published": "2025-06-02",
    "updated": "2025-06-02",
    "source": "KEV"
  },
  "CVE-2023-39780": {
    "cve": "CVE-2023-39780",
    "description": "ASUS RT-AX55 Routers OS Command Injection Vulnerability",
    "cvss": 10.0,
    "severity": "critical",
    "published": "2025-06-02",
    "updated": "2025-06-02",
    "source": "KEV"
  },
  "CVE-2025-4632": {
    "cve": "CVE-2025-4632",
    "description": "Samsung MagicINFO 9 Server Path Traversal Vulnerability",
    "cvss": 10.0,
    "severity": "critical",
    "published": "2025-05-22",
    "updated": "2025-05-22",
    "source": "KEV"
  },
  "CVE-2023-38950": {
    "cve": "CVE-2023-38950",
    "description": "ZKTeco BioTime Path Traversal Vulnerability",
    "cvss": 10.0,
    "severity": "critical",
    "published": "2025-05-19",
    "updated": "2025-05-19",
    "source": "KEV"
  },
  "CVE-2024-27443": {
    "cve": "CVE-2024-27443",
    "description": "Synacor Zimbra Collaboration Suite (ZCS) Cross-Site Scripting (XSS) Vulnerability",
    "cvss": 10.0,
    "severity": "critical",
    "published": "2025-05-19",
    "updated": "2025-05-19",
    "source": "KEV"
  },
  "CVE-2025-27920": {
    "cve": "CVE-2025-27920",
    "description": "Srimax Output Messenger Directory Traversal Vulnerability",
    "cvss": 10.0,
    "severity": "critical",
    "published": "2025-05-19",
    "updated": "2025-05-19",
    "source": "KEV"
  },
  "CVE-2024-11182": {
    "cve": "CVE-2024-11182",
    "description": "MDaemon Email Server Cross-Site Scripting (XSS) Vulnerability",
    "cvss": 10.0,
    "severity": "critical",
    "published": "2025-05-19",
    "updated": "2025-05-19",
    "source": "KEV"
  },
  "CVE-2025-4428": {
    "cve": "CVE-2025-4428",
    "description": "Ivanti Endpoint Manager Mobile (EPMM) Code Injection Vulnerability",
    "cvss": 10.0,
    "severity": "critical",
    "published": "2025-05-19",
    "updated": "2025-05-19",
    "source": "KEV"
  },
  "CVE-2025-4427": {
    "cve": "CVE-2025-4427",
    "description": "Ivanti Endpoint Manager Mobile (EPMM) Authentication Bypass Vulnerability",
    "cvss": 10.0,
    "severity": "critical",
    "published": "2025-05-19",
    "updated": "2025-05-19",
    "source": "KEV"
  },
  "CVE-2025-42999": {
    "cve": "CVE-2025-42999",
    "description": "SAP NetWeaver Deserialization Vulnerability",
    "cvss": 10.0,
    "severity": "critical",
    "published": "2025-05-15",
    "updated": "2025-05-15",
    "source": "KEV"
  },
  "CVE-2024-12987": {
    "cve": "CVE-2024-12987",
    "description": "DrayTek Vigor Routers OS Command Injection Vulnerability",
    "cvss": 10.0,
    "severity": "critical",
    "published": "2025-05-15",
    "updated": "2025-05-15",
    "source": "KEV"
  },
  "CVE-2025-32756": {
    "cve": "CVE-2025-32756",
    "description": "Fortinet Multiple Products Stack-Based Buffer Overflow Vulnerability",
    "cvss": 10.0,
    "severity": "critical",
    "published": "2025-05-14",
    "updated": "2025-05-14",
    "source": "KEV"
  },
  "CVE-2025-32709": {
    "cve": "CVE-2025-32709",
    "description": "Microsoft Windows Ancillary Function Driver for WinSock Use-After-Free Vulnerability",
    "cvss": 10.0,
    "severity": "critical",
    "published": "2025-05-13",
    "updated": "2025-05-13",
    "source": "KEV"
  },
  "CVE-2025-30397": {
    "cve": "CVE-2025-30397",
    "description": "Microsoft Windows Scripting Engine Type Confusion Vulnerability",
    "cvss": 10.0,
    "severity": "critical",
    "published": "2025-05-13",
    "updated": "2025-05-13",
    "source": "KEV"
  },
  "CVE-2025-32706": {
    "cve": "CVE-2025-32706",
    "description": "Microsoft Windows Common Log File System (CLFS) Driver Heap-Based Buffer Overflow Vulnerability",
    "cvss": 10.0,
    "severity": "critical",
    "published": "2025-05-13",
    "updated": "2025-05-13",
    "source": "KEV"
  },
  "CVE-2025-32701": {
    "cve": "CVE-2025-32701",
    "description": "Microsoft Windows Common Log File System (CLFS) Driver Use-After-Free Vulnerability",
    "cvss": 10.0,
    "severity": "critical",
    "published": "2025-05-13",
    "updated": "2025-05-13",
    "source": "KEV"
  },
  "CVE-2025-30400": {
    "cve": "CVE-2025-30400",
    "description": "Microsoft Windows DWM Core Library Use-After-Free Vulnerability",
    "cvss": 10.0,
    "severity": "critical",
    "published": "2025-05-13",
    "updated": "2025-05-13",
    "source": "KEV"
  },
  "CVE-2025-47729": {
    "cve": "CVE-2025-47729",
    "description": "TeleMessage TM SGNL Hidden Functionality Vulnerability",
    "cvss": 10.0,
    "severity": "critical",
    "published": "2025-05-12",
    "updated": "2025-05-12",
    "source": "KEV"
  },
  "CVE-2024-11120": {
    "cve": "CVE-2024-11120",
    "description": "GeoVision Devices OS Command Injection Vulnerability",
    "cvss": 10.0,
    "severity": "critical",
    "published": "2025-05-07",
    "updated": "2025-05-07",
    "source": "KEV"
  },
  "CVE-2024-6047": {
    "cve": "CVE-2024-6047",
    "description": "GeoVision Devices OS Command Injection Vulnerability",
    "cvss": 10.0,
    "severity": "critical",
    "published": "2025-05-07",
    "updated": "2025-05-07",
    "source": "KEV"
  },
  "CVE-2025-27363": {
    "cve": "CVE-2025-27363",
    "description": "FreeType Out-of-Bounds Write Vulnerability",
    "cvss": 10.0,
    "severity": "critical",
    "published": "2025-05-06",
    "updated": "2025-05-06",
    "source": "KEV"
  },
  "CVE-2025-3248": {
    "cve": "CVE-2025-3248",
    "description": "Langflow Missing Authentication Vulnerability",
    "cvss": 10.0,
    "severity": "critical",
    "published": "2025-05-05",
    "updated": "2025-05-05",
    "source": "KEV"
  },
  "CVE-2025-34028": {
    "cve": "CVE-2025-34028",
    "description": "Commvault Command Center Path Traversal Vulnerability",
    "cvss": 10.0,
    "severity": "critical",
    "published": "2025-05-02",
    "updated": "2025-05-02",
    "source": "KEV"
  },
  "CVE-2024-58136": {
    "cve": "CVE-2024-58136",
    "description": "Yiiframework Yii Improper Protection of Alternate Path Vulnerability",
    "cvss": 10.0,
    "severity": "critical",
    "published": "2025-05-02",
    "updated": "2025-05-02",
    "source": "KEV"
  },
  "CVE-2024-38475": {
    "cve": "CVE-2024-38475",
    "description": "Apache HTTP Server Improper Escaping of Output Vulnerability",
    "cvss": 10.0,
    "severity": "critical",
    "published": "2025-05-01",
    "updated": "2025-05-01",
    "source": "KEV"
  },
  "CVE-2023-44221": {
    "cve": "CVE-2023-44221",
    "description": "SonicWall SMA100 Appliances OS Command Injection Vulnerability",
    "cvss": 10.0,
    "severity": "critical",
    "published": "2025-05-01",
    "updated": "2025-05-01",
    "source": "KEV"
  },
  "CVE-2025-31324": {
    "cve": "CVE-2025-31324",
    "description": "SAP NetWeaver Unrestricted File Upload Vulnerability",
    "cvss": 10.0,
    "severity": "critical",
    "published": "2025-04-29",
    "updated": "2025-04-29",
    "source": "KEV"
  },
  "CVE-2025-1976": {
    "cve": "CVE-2025-1976",
    "description": "Broadcom Brocade Fabric OS Code Injection Vulnerability",
    "cvss": 10.0,
    "severity": "critical",
    "published": "2025-04-28",
    "updated": "2025-04-28",
    "source": "KEV"
  },
  "CVE-2025-42599": {
    "cve": "CVE-2025-42599",
    "description": "Qualitia Active! Mail Stack-Based Buffer Overflow Vulnerability",
    "cvss": 10.0,
    "severity": "critical",
    "published": "2025-04-28",
    "updated": "2025-04-28",
    "source": "KEV"
  },
  "CVE-2025-3928": {
    "cve": "CVE-2025-3928",
    "description": "Commvault Web Server Unspecified Vulnerability",
    "cvss": 10.0,
    "severity": "critical",
    "published": "2025-04-28",
    "updated": "2025-04-28",
    "source": "KEV"
  },
  "CVE-2025-24054": {
    "cve": "CVE-2025-24054",
    "description": "Microsoft Windows NTLM Hash Disclosure Spoofing Vulnerability",
    "cvss": 10.0,
    "severity": "critical",
    "published": "2025-04-17",
    "updated": "2025-04-17",
    "source": "KEV"
  },
  "CVE-2025-31201": {
    "cve": "CVE-2025-31201",
    "description": "Apple Multiple Products Arbitrary Read and Write Vulnerability",
    "cvss": 10.0,
    "severity": "critical",
    "published": "2025-04-17",
    "updated": "2025-04-17",
    "source": "KEV"
  },
  "CVE-2025-31200": {
    "cve": "CVE-2025-31200",
    "description": "Apple Multiple Products Memory Corruption Vulnerability",
    "cvss": 10.0,
    "severity": "critical",
    "published": "2025-04-17",
    "updated": "2025-04-17",
    "source": "KEV"
  },
  "CVE-2021-20035": {
    "cve": "CVE-2021-20035",
    "description": "SonicWall SMA100 Appliances OS Command Injection Vulnerability",
    "cvss": 10.0,
    "severity": "critical",
    "published": "2025-04-16",
    "updated": "2025-04-16",
    "source": "KEV"
  },
  "CVE-2024-53150": {
    "cve": "CVE-2024-53150",
    "description": "Linux Kernel Out-of-Bounds Read Vulnerability",
    "cvss": 10.0,
    "severity": "critical",
    "published": "2025-04-09",
    "updated": "2025-04-09",
    "source": "KEV"
  },
  "CVE-2024-53197": {
    "cve": "CVE-2024-53197",
    "description": "Linux Kernel Out-of-Bounds Access Vulnerability",
    "cvss": 10.0,
    "severity": "critical",
    "published": "2025-04-09",
    "updated": "2025-04-09",
    "source": "KEV"
  },
  "CVE-2025-29824": {
    "cve": "CVE-2025-29824",
    "description": "Microsoft Windows Common Log File System (CLFS) Driver Use-After-Free Vulnerability",
    "cvss": 10.0,
    "severity": "critical",
    "published": "2025-04-08",
    "updated": "2025-04-08",
    "source": "KEV"
  },
  "CVE-2025-30406": {
    "cve": "CVE-2025-30406",
    "description": "Gladinet CentreStack and Triofox Use of Hard-coded Cryptographic Key Vulnerability",
    "cvss": 10.0,
    "severity": "critical",
    "published": "2025-04-08",
    "updated": "2025-04-08",
    "source": "KEV"
  },
  "CVE-2025-31161": {
    "cve": "CVE-2025-31161",
    "description": "CrushFTP Authentication Bypass Vulnerability",
    "cvss": 10.0,
    "severity": "critical",
    "published": "2025-04-07",
    "updated": "2025-04-07",
    "source": "KEV"
  }
}